capability_id,capability,documented_status,ui_design_status,data_model_status,api_command_status,authorization_rls_status,workflow_event_status,integration_status,test_status,deployment_observability_status,owner,source_rollout_phase,pdf_program_phase,repository_state,disposition
CAP-001,Today,implemented,implemented,implemented_local,local_or_not_required,local_or_not_required,local_or_partial,native_or_student_owned,repository_verified,not_verified_this_audit,Academic experience,2,P1,verified,preserve
CAP-002,Reports,implemented,implemented,implemented_local,local_or_not_required,local_or_not_required,local_or_partial,native_or_student_owned,repository_verified,not_verified_this_audit,Academic experience,2,P1,verified,preserve
CAP-003,Calendar,implemented,implemented,partial,partial,partial,partial,partial_or_provider_gated,repository_verified,not_verified_this_audit,Academic platform,2,P1,verified,extend
CAP-004,Exam Runway,implemented,implemented,implemented_local,local_or_not_required,local_or_not_required,local_or_partial,native_or_student_owned,repository_verified,not_verified_this_audit,Learning experience,2,P1,verified,preserve
CAP-005,The Week Ahead,implemented,implemented,implemented_local,local_or_not_required,local_or_not_required,local_or_partial,native_or_student_owned,repository_verified,not_verified_this_audit,Academic experience,2,P1,verified,preserve
CAP-006,When You Are Behind,implemented,implemented,implemented_local,local_or_not_required,local_or_not_required,local_or_partial,native_or_student_owned,repository_verified,not_verified_this_audit,Academic experience,2,P1,verified,preserve
CAP-007,Tonight,implemented,implemented,implemented_local,local_or_not_required,local_or_not_required,local_or_partial,native_or_student_owned,repository_verified,not_verified_this_audit,Academic experience,2,P1,verified,preserve
CAP-008,Timers and Alarms,implemented,implemented,implemented_local,local_or_not_required,local_or_not_required,local_or_partial,native_or_student_owned,repository_verified,not_verified_this_audit,Productivity experience,2,P1,verified,preserve
CAP-009,Progress,implemented,implemented,implemented_local,local_or_not_required,local_or_not_required,local_or_partial,native_or_student_owned,repository_verified,not_verified_this_audit,Academic experience,2,P1,verified,preserve
CAP-010,Account,implemented,implemented,partial,partial,partial,partial,partial_or_provider_gated,repository_verified,not_verified_this_audit,Identity platform,1,P0,verified,extend
CAP-011,Profile,implemented,implemented,partial,partial,partial,partial,partial_or_provider_gated,repository_verified,not_verified_this_audit,Identity platform,1,P0,verified,extend
CAP-012,Links,implemented,implemented,implemented_local,local_or_not_required,local_or_not_required,local_or_partial,native_or_student_owned,repository_verified,not_verified_this_audit,Campus experience,3,P2,verified,preserve
CAP-013,Connect Accounts,implemented,implemented,external_dependency,gated,repository_control_present,gated_or_partial,external_gate,repository_verified,not_verified_this_audit,Integration platform,6,P2,verified,external-gate
CAP-014,Your Data and How It Is Running,implemented,implemented,partial,partial,partial,partial,partial_or_provider_gated,repository_verified,not_verified_this_audit,Data platform,1,P0,verified,extend
CAP-015,Privacy and Your Rights,implemented,implemented,partial,partial,partial,partial,partial_or_provider_gated,repository_verified,not_verified_this_audit,Trust and privacy,1,P0,verified,extend
CAP-016,Take It With You,implemented,implemented,partial,partial,partial,partial,partial_or_provider_gated,repository_verified,not_verified_this_audit,Data platform,1,P0,verified,extend
CAP-017,Settings,implemented,implemented,implemented_local,local_or_not_required,local_or_not_required,local_or_partial,native_or_student_owned,repository_verified,not_verified_this_audit,Core application,1,P0,verified,preserve
CAP-018,Alerts,implemented,implemented,partial,partial,partial,partial,partial_or_provider_gated,repository_verified,not_verified_this_audit,Communication platform,3,P2,verified,extend
CAP-019,How This Works,implemented,implemented,partial,partial,partial,partial,partial_or_provider_gated,repository_verified,not_verified_this_audit,Product education,0,P0,verified,extend
CAP-020,Courses,implemented,implemented,implemented_local,local_or_not_required,local_or_not_required,local_or_partial,native_or_student_owned,repository_verified,not_verified_this_audit,Academic platform,2,P1,verified,preserve
CAP-021,Assignments,implemented,implemented,partial,partial,partial,partial,partial_or_provider_gated,repository_verified,not_verified_this_audit,Academic platform,2,P1,verified,extend
CAP-022,Add a Course,implemented,implemented,implemented_local,local_or_not_required,local_or_not_required,local_or_partial,native_or_student_owned,repository_verified,not_verified_this_audit,Academic ingestion,2,P1,verified,preserve
CAP-023,Edit the Course,implemented,implemented,implemented_local,local_or_not_required,local_or_not_required,local_or_partial,native_or_student_owned,repository_verified,not_verified_this_audit,Academic ingestion,2,P1,verified,preserve
CAP-024,A Change to a Date,implemented,implemented,implemented_local,local_or_not_required,local_or_not_required,local_or_partial,native_or_student_owned,repository_verified,not_verified_this_audit,Academic ingestion,2,P1,verified,preserve
CAP-025,Study,implemented,implemented,partial,partial,partial,partial,partial_or_provider_gated,repository_verified,not_verified_this_audit,Learning platform,2,P1,verified,extend
CAP-026,Where Courses Meet,implemented,implemented,implemented_local,local_or_not_required,local_or_not_required,local_or_partial,native_or_student_owned,repository_verified,not_verified_this_audit,Learning platform,2,P1,verified,preserve
CAP-027,Semester Tutor,implemented,implemented,partial,partial,partial,partial,partial_or_provider_gated,repository_verified,not_verified_this_audit,Semester Intelligence,4,P1,verified,extend
CAP-028,Add a Reading,implemented,implemented,implemented_local,local_or_not_required,local_or_not_required,local_or_partial,native_or_student_owned,repository_verified,not_verified_this_audit,Academic ingestion,2,P1,verified,preserve
CAP-029,Problem Practice,implemented,implemented,implemented_local,local_or_not_required,local_or_not_required,local_or_partial,native_or_student_owned,repository_verified,not_verified_this_audit,Learning platform,2,P1,verified,preserve
CAP-030,Practice Exams,implemented,implemented,implemented_local,local_or_not_required,local_or_not_required,local_or_partial,native_or_student_owned,repository_verified,not_verified_this_audit,Learning platform,2,P1,verified,preserve
CAP-031,Create,implemented,implemented,partial,partial,partial,partial,partial_or_provider_gated,repository_verified,not_verified_this_audit,Workspace platform,5,P1,verified,extend
CAP-032,Analyse Data,implemented,implemented,implemented_local,local_or_not_required,local_or_not_required,local_or_partial,native_or_student_owned,repository_verified,not_verified_this_audit,Workspace platform,5,P1,verified,preserve
CAP-033,Graphs and Diagrams,implemented,implemented,partial,partial,partial,partial,partial_or_provider_gated,repository_verified,not_verified_this_audit,Workspace platform,5,P1,verified,extend
CAP-034,Presentations,implemented,implemented,partial,partial,partial,partial,partial_or_provider_gated,repository_verified,not_verified_this_audit,Workspace platform,5,P1,verified,extend
CAP-035,Documents,implemented,implemented,partial,partial,partial,partial,partial_or_provider_gated,repository_verified,not_verified_this_audit,Workspace platform,5,P1,verified,extend
CAP-036,Spreadsheets,implemented,implemented,partial,partial,partial,partial,partial_or_provider_gated,repository_verified,not_verified_this_audit,Workspace platform,5,P1,verified,extend
CAP-037,Maths,implemented,implemented,implemented_local,local_or_not_required,local_or_not_required,local_or_partial,native_or_student_owned,repository_verified,not_verified_this_audit,Workspace platform,5,P1,verified,preserve
CAP-038,Sources,implemented,implemented,implemented_local,local_or_not_required,local_or_not_required,local_or_partial,native_or_student_owned,repository_verified,not_verified_this_audit,Academic integrity,2,P1,verified,preserve
CAP-039,Draft It,implemented,implemented,implemented_local,local_or_not_required,local_or_not_required,local_or_partial,native_or_student_owned,repository_verified,not_verified_this_audit,Workspace platform,5,P1,verified,preserve
CAP-040,Files and Notes,implemented,implemented,partial,partial,partial,partial,partial_or_provider_gated,repository_verified,not_verified_this_audit,Workspace platform,5,P1,verified,extend
CAP-041,Family,implemented,implemented,external_dependency,gated,repository_control_present,gated_or_partial,external_gate,repository_verified,not_verified_this_audit,Institutional services,6,P2,verified,external-gate
CAP-042,Athletics,implemented,implemented,partial,partial,partial,partial,partial_or_provider_gated,repository_verified,not_verified_this_audit,Campus experience,6,P2,verified,extend
CAP-043,Campus Services,implemented,implemented,external_dependency,gated,repository_control_present,gated_or_partial,external_gate,repository_verified,not_verified_this_audit,Institutional services,6,P2,verified,external-gate
CAP-044,Degree Planning,implemented,implemented,external_dependency,gated,repository_control_present,gated_or_partial,external_gate,repository_verified,not_verified_this_audit,Academic records,2,P1,verified,external-gate
CAP-045,Term Deadlines,implemented,implemented,external_dependency,gated,repository_control_present,gated_or_partial,external_gate,repository_verified,not_verified_this_audit,Academic records,2,P1,verified,external-gate
CAP-046,Money,implemented,implemented,external_dependency,gated,repository_control_present,gated_or_partial,external_gate,repository_verified,not_verified_this_audit,Institutional finance,6,P2,verified,external-gate
CAP-047,Meal Plan,implemented,implemented,external_dependency,gated,repository_control_present,gated_or_partial,external_gate,repository_verified,not_verified_this_audit,Campus services,6,P2,verified,external-gate
CAP-048,Housing,implemented,implemented,external_dependency,gated,repository_control_present,gated_or_partial,external_gate,repository_verified,not_verified_this_audit,Campus services,6,P2,verified,external-gate
CAP-049,Maps,implemented,implemented,partial,partial,partial,partial,partial_or_provider_gated,repository_verified,not_verified_this_audit,Campus experience,3,P2,verified,extend
CAP-050,Registration,implemented,implemented,external_dependency,gated,repository_control_present,gated_or_partial,external_gate,repository_verified,not_verified_this_audit,Academic records,6,P2,verified,external-gate
CAP-051,Clubs and Activities,implemented,implemented,external_dependency,gated,repository_control_present,gated_or_partial,external_gate,repository_verified,not_verified_this_audit,Campus graph,3,P2,verified,external-gate
CAP-052,People and Letters,implemented,implemented,partial,partial,partial,partial,partial_or_provider_gated,repository_verified,not_verified_this_audit,Career platform,7,P2,verified,extend
CAP-053,Pathway,implemented,implemented,partial,partial,partial,partial,partial_or_provider_gated,repository_verified,not_verified_this_audit,Lifecycle platform,7,P2,verified,extend
CAP-054,Career,implemented,implemented,partial,partial,partial,partial,partial_or_provider_gated,repository_verified,not_verified_this_audit,Career platform,7,P2,verified,extend
CAP-055,Applications,implemented,implemented,partial,partial,partial,partial,partial_or_provider_gated,repository_verified,not_verified_this_audit,Career platform,7,P2,verified,extend
CAP-056,Check the Writing,implemented,implemented,implemented_local,local_or_not_required,local_or_not_required,local_or_partial,native_or_student_owned,repository_verified,not_verified_this_audit,Academic integrity,5,P1,verified,preserve
CAP-057,Video Call,implemented,implemented,external_dependency,gated,repository_control_present,gated_or_partial,external_gate,repository_verified,not_verified_this_audit,Communication platform,5,P1,verified,external-gate
CAP-058,Group Work,implemented,implemented,external_dependency,gated,repository_control_present,gated_or_partial,external_gate,repository_verified,not_verified_this_audit,Collaboration platform,3,P2,verified,external-gate
CAP-059,Email,implemented,implemented,external_dependency,gated,repository_control_present,gated_or_partial,external_gate,repository_verified,not_verified_this_audit,Communication platform,3,P2,verified,external-gate
CAP-060,Chat,implemented,implemented,external_dependency,gated,repository_control_present,gated_or_partial,external_gate,repository_verified,not_verified_this_audit,Communication platform,3,P2,verified,external-gate
