domain,check_id,evidence_class,severity,primitive,compares
"identity","identity.count.persons","count","low","countParity","Persons by type (student, faculty, staff, alumnus, guest) against the source after declared exclusions"
"identity","identity.key.person_crosswalk","key","critical","keyParity","Every source person has exactly one Semester person; none without a source; no two people merged"
"identity","identity.semantic.name_and_status","semantic","high","valueParity","Legal name, preferred name, status code and privacy flags after the code table, including FERPA-style directory suppression"
"identity","identity.relationship.membership_targets","relationship","high","referentialIntegrity","Every role and group membership lands on a real person and a real group, and the right one"
"identity","identity.history.role_timeline","history","high","temporalContinuity","Role and status timelines keep their overlaps and gaps (a person who was student then staff is not both, and not neither)"
"identity","identity.history.aliases","history","medium","historyPreserved","Former names and emails keep their original dates so old records still resolve to the person"
"identity","identity.permission.effective_roles","permission","critical","permissionParity","Effective roles after group mapping equal the source's; no person gains administrator or advisor reach"
"identity","identity.outcome.sign_in_resolution","outcome","critical","outcomeParity","A sample of real sign-ins (SSO assertion in, person out) resolves to the same person the legacy system resolved"
"academic_records","academic_records.count.results","count","low","countParity","Course results by term against the source"
"academic_records","academic_records.key.results","key","critical","keyParity","Each (person, term, course, section) result exists once"
"academic_records","academic_records.semantic.grades","semantic","critical","valueParity","Grade, grade points, credits attempted/earned and repeat flags after the grade-scale table; ""W"", ""I"", ""P"" are not collapsed"
"academic_records","academic_records.relationship.result_to_section","relationship","high","referentialIntegrity","Each result points at the section and term it was earned in, not just any section of that course"
"academic_records","academic_records.history.grade_changes","history","critical","historyPreserved","Grade change history keeps original dates, approvers and reasons; nothing says ""changed by migration"""
"academic_records","academic_records.history.program_timeline","history","high","temporalContinuity","Program changes keep their effective dates with no new overlap or gap"
"academic_records","academic_records.permission.record_access","permission","critical","permissionParity","Who may read or change a transcript: student, advisor, registrar staff, faculty of record; no widening"
"academic_records","academic_records.outcome.gpa","outcome","critical","outcomeParity","Term and cumulative GPA recomputed in Semester from migrated results equals the registrar's figure for every student"
"academic_records","academic_records.outcome.degree_audit","outcome","critical","outcomeParity","Remaining requirements and degree-eligibility recomputed equal the legacy audit for a stratified sample plus every graduating student"
"courses","courses.count.sections","count","low","countParity","Catalog entries and sections by term"
"courses","courses.key.sections","key","high","keyParity","No section lost or duplicated, including cross-listed and combined sections"
"courses","courses.semantic.schedule","semantic","high","valueParity","Credit hours, meeting days/times in the campus time zone, delivery mode, capacity and waitlist size"
"courses","courses.relationship.rules_and_instructors","relationship","high","referentialIntegrity","Prerequisites point at courses that exist in the right catalog year; instructors are real people with that role"
"courses","courses.history.catalog_years","history","medium","historyPreserved","Past catalog versions retained so old audits still resolve"
"courses","courses.history.effective_rules","history","medium","temporalContinuity","Rule effective-date ranges keep their shape"
"courses","courses.permission.edit_rights","permission","high","permissionParity","Who may edit a section, set capacity or override a prerequisite"
"courses","courses.outcome.seat_availability","outcome","high","aggregateParity","Seats taken and open per section equal the source at the same instant"
"learning_content","learning_content.count.items","count","low","countParity","Items by type per course"
"learning_content","learning_content.key.items","key","high","keyParity","Every item in scope exists once; files are matched by content digest, not name"
"learning_content","learning_content.semantic.assessment_settings","semantic","high","valueParity","Points, weighting, due and availability dates (with zone), attempt limits, time limits, accommodations extensions"
"learning_content","learning_content.relationship.structure","relationship","high","referentialIntegrity","Items sit in the right module and course; embedded links and file references resolve; grade columns point at their assessments"
"learning_content","learning_content.history.submissions","history","critical","historyPreserved","Submissions keep original timestamps, attempt order and feedback authorship (late/on-time must survive)"
"learning_content","learning_content.permission.visibility","permission","critical","permissionParity","Draft vs published, section restrictions, per-student releases, instructor/TA/auditor roles; no unpublished item visible, no grade visible early"
"learning_content","learning_content.outcome.course_grade","outcome","critical","outcomeParity","Course total recomputed from migrated gradebook entries and weights equals the source's final grade for every student in sampled courses"
"learning_content","learning_content.outcome.render","outcome","medium","outcomeParity","A sampled item renders with the same content hash of its visible text, and media plays (accessibility alternatives retained)"
"enrollments","enrollments.count.enrollments","count","low","countParity","Enrollments by term and status"
"enrollments","enrollments.key.enrollments","key","critical","keyParity","One enrollment per person per section; no student enrolled twice or lost"
"enrollments","enrollments.semantic.status","semantic","high","valueParity","Status (enrolled, waitlisted, withdrawn, audit), grade mode, credits and add/drop dates after code table"
"enrollments","enrollments.relationship.section_and_person","relationship","critical","referentialIntegrity","Each enrollment references a real person and the right section in the right term"
"enrollments","enrollments.history.add_drop","history","high","historyPreserved","Add/drop/withdraw events keep their dates (they decide tuition refunds and ""W"" vs ""drop"")"
"enrollments","enrollments.history.hold_timeline","history","high","temporalContinuity","Holds keep their start/end so a released hold is not re-imposed and an active one is not lost"
"enrollments","enrollments.permission.registration_eligibility","permission","critical","permissionParity","Who may register in which window; overrides and permission numbers"
"enrollments","enrollments.outcome.load_and_capacity","outcome","high","aggregateParity","Credit load per student and enrolment per section equal the source; no section over capacity that was not"
"finance","finance.count.transactions","count","low","countParity","Transactions by type and period"
"finance","finance.key.transactions","key","critical","keyParity","Each ledger transaction once; a re-run never doubles a charge"
"finance","finance.semantic.amounts","semantic","critical","valueParity","Amount in integer minor units, sign (charge vs credit), currency, detail code, posting vs effective date"
"finance","finance.relationship.transaction_to_account","relationship","critical","referentialIntegrity","Every transaction lands on the right account and term; refunds point at the payment they reverse"
"finance","finance.history.ledger_order","history","critical","historyPreserved","Ledger order and original posting dates and actors preserved; adjustments are not collapsed into balances"
"finance","finance.history.plan_schedule","history","high","temporalContinuity","Payment plan installments and aid disbursements keep their date structure"
"finance","finance.permission.account_access","permission","critical","permissionParity","Who may see an account: the student, authorised payers, bursar staff; no guardian access that was not granted"
"finance","finance.outcome.balance_by_account","outcome","critical","aggregateParity","Balance per account recomputed from the migrated ledger equals the bursar's, exactly (tolerance zero)"
"finance","finance.outcome.control_totals","outcome","critical","aggregateParity","Control totals per fund and period tie to the general ledger; aid disbursed equals aid awarded less cancellations"
"family","family.count.relationships","count","low","countParity","Relationships by type"
"family","family.key.relationships","key","high","keyParity","Each (student, related person, type) once; a guardian shared by siblings is one person"
"family","family.semantic.scope_and_dates","semantic","critical","valueParity","Consent scope, start and expiry, revocation, and whether the release was given by the student or an authorised proxy"
"family","family.relationship.targets","relationship","critical","referentialIntegrity","Every relationship joins two real people, in the right direction"
"family","family.history.consent_trail","history","critical","historyPreserved","Consent grants and revocations keep original time and actor; a revocation is never dropped"
"family","family.history.access_windows","history","high","temporalContinuity","Release windows keep their shape; none silently extended or left open-ended"
"family","family.permission.guardian_visibility","permission","critical","permissionParity","For every guardian: the set of things visible equals the consented set. Widening is a stop-the-line failure"
"family","family.outcome.visible_to_guardian","outcome","critical","outcomeParity","For sampled guardians (and every one with a revoked or expired release) the rendered view equals the permitted view"
"campus_services","campus_services.count.records","count","low","countParity","Records by service"
"campus_services","campus_services.key.records","key","high","keyParity","No booking, assignment or request lost or duplicated"
"campus_services","campus_services.semantic.times_and_places","semantic","high","valueParity","Dates and times in campus zone, room/bed identifiers, plan codes, status"
"campus_services","campus_services.relationship.targets","relationship","high","referentialIntegrity","Assignments reference real rooms and people; appointments reference real advisors"
"campus_services","campus_services.history.service_trail","history","high","historyPreserved","Advising notes and request threads keep authorship and dates"
"campus_services","campus_services.history.assignments","history","medium","temporalContinuity","Housing and plan effective dates keep their shape"
"campus_services","campus_services.permission.sensitive_notes","permission","critical","permissionParity","Advising, counselling-adjacent, disability and conduct records visible only to the roles that could see them; no widening to general staff"
"campus_services","campus_services.outcome.occupancy_and_balance","outcome","high","aggregateParity","Occupancy per building, dining balances and event headcount equal the source"
"career","career.count.records","count","low","countParity","Applications, postings and credentials by type"
"career","career.key.applications","key","high","keyParity","Each application once; employers matched across spelling and merger"
"career","career.semantic.status_and_dates","semantic","medium","valueParity","Application stage, offer status, dates, outcome codes"
"career","career.relationship.targets","relationship","high","referentialIntegrity","Applications reference live postings, postings reference employers"
"career","career.history.pipeline","history","medium","historyPreserved","Stage history of each application keeps original dates"
"career","career.history.credential_validity","history","high","temporalContinuity","Credential issue/expiry ranges keep their shape"
"career","career.permission.sharing","permission","critical","permissionParity","What each employer or recruiter can see equals what the student shared; nothing shared by default"
"career","career.outcome.verified_achievements","outcome","high","outcomeParity","Each credential still verifies against its issuer after migration; placement figures recompute to the published ones"
"documents","documents.count.documents","count","low","countParity","Documents by type"
"documents","documents.key.digests","key","critical","keyParity","Each source file's SHA-256 appears exactly once on the target; none missing, none substituted"
"documents","documents.semantic.metadata","semantic","high","valueParity","Document type, effective date, language, and media type after code table; no filename-as-identity"
"documents","documents.relationship.attachment_targets","relationship","critical","referentialIntegrity","Each document is attached to the right person or record; no document on a different student"
"documents","documents.history.signatures","history","critical","historyPreserved","Signatures and approvals keep signer, time and the digest they covered"
"documents","documents.history.retention_clock","history","high","temporalContinuity","Retention start, schedule and legal-hold intervals keep their shape; a hold is never lost"
"documents","documents.permission.read_access","permission","critical","permissionParity","Who can open each document class equals the source's"
"documents","documents.outcome.retrieval","outcome","high","outcomeParity","A sample of documents opens and its digest equals the source's; a destruction run computes the same due set as the legacy schedule"
