archive_route,workspace,key,label,stream,prototype_component,disposition,evidence_profile,current_owner_path,current_app_screen,discoverability,repository_catalog_rows,capability_registry_rows,basis_and_release_boundary
#/public/home,public,home,Home,11,Public.jsx#PHome,Existing but incomplete,P1,company-site/index.html; app/src/site/,none,no exact current destination,A-001,none,Current company-site catalog analogue A-001 exists or is partial; the archive URL is not adopted.
#/public/pilot,public,pilot,Pilot,11,Public.jsx#PPilot,Existing but incomplete,P1,company-site/index.html; app/src/site/,none,no exact current destination,A-022,none,Current company-site catalog analogue A-022 exists or is partial; the archive URL is not adopted.
#/public/trust,public,trust,Trust,11,Public.jsx#PTrust,Existing but incomplete,P1,company-site/index.html; app/src/site/,none,no exact current destination,A-038,public.trust.center,Capability register match: public.trust.center. The archive URL remains a prototype alias.
#/public/signup,public,signup,Sign up,11,Public.jsx#PSignup,Existing but incomplete,P1,company-site/index.html; app/src/site/,none,no exact current destination,A-076:exists,none,"An exact normalized catalog label has current exists/partial evidence, but not proof for the archive URL and full prototype behavior."
#/public/solutions,public,solutions,Solutions,18,Gaps.jsx#Solutions,Existing but incomplete,P1,company-site/index.html; app/src/site/,none,no exact current destination,A-013,none,Current company-site catalog analogue A-013 exists or is partial; the archive URL is not adopted.
#/public/pricing,public,pricing,Pricing,11,Membership.jsx#PublicPricing,Existing but incomplete,P1,company-site/index.html; app/src/site/,none,no exact current destination,A-027,public.pricing.quote,Capability register match: public.pricing.quote. The archive URL remains a prototype alias.
#/public/resources,public,resources,Resources,18,Gaps.jsx#Resources,Existing but incomplete,P1,company-site/index.html; app/src/site/,none,no exact current destination,A-049,none,Current company-site catalog analogue A-049 exists or is partial; the archive URL is not adopted.
#/public/recover,public,recover,Recover account,18,Gaps.jsx#Recover,Existing but incomplete,P1,company-site/index.html; app/src/site/,none,no exact current destination,A-077,none,Current company-site catalog analogue A-077 exists or is partial; the archive URL is not adopted.
#/applicant/application,applicant,application,Application,03,Portals.jsx#Applicant,Prototype only,P2,app/src/components/Credentials.tsx; app/src/screens/Applying.tsx,none,no exact current destination,none,none,"No exact current route, catalog row, or reconciled capability route implements this prototype URL."
#/applicant/onboarding,applicant,onboarding,Getting to day one,03,Portals.jsx#Onboarding,Prototype only,P2,app/src/components/Credentials.tsx; app/src/screens/Applying.tsx,none,no exact current destination,none,none,"No exact current route, catalog row, or reconciled capability route implements this prototype URL."
#/applicant/admitted,applicant,admitted,Admitted checklist,20,Networking.jsx#NwxAdmitted,Prototype only,P2,app/src/components/Credentials.tsx; app/src/screens/Applying.tsx,none,no exact current destination,none,none,"No exact current route, catalog row, or reconciled capability route implements this prototype URL."
#/applicant/status,applicant,status,Status and documents,24,Controls.jsx#CtxApplicantStatus,Prototype only,P2,app/src/components/Credentials.tsx; app/src/screens/Applying.tsx,none,no exact current destination,none,none,"No exact current route, catalog row, or reconciled capability route implements this prototype URL."
#/student/today,student,today,Today,03,Student.jsx#Today,Existing but incomplete,P5,app/src/screens.tsx; app/src/lib/nav.ts,none,no exact current destination,B-001:exists,none,"An exact normalized catalog label has current exists/partial evidence, but not proof for the archive URL and full prototype behavior."
#/student/courses,student,courses,Courses,03,Student.jsx#Courses,Existing but incomplete,P5,app/src/screens.tsx; app/src/lib/nav.ts,courses,registered destination,B-026:exists,none,The student key maps to the current Screen union; the archive URL and combined prototype behavior are not independently verified.
#/student/assignments,student,assignments,Assignments,03,Student.jsx#Assignments,Existing but incomplete,P5,app/src/screens.tsx; app/src/lib/nav.ts,none,no exact current destination,C-013:partial,none,"An exact normalized catalog label has current exists/partial evidence, but not proof for the archive URL and full prototype behavior."
#/student/coursework,student,coursework,Assignment Studio,19,AssignmentStudio.jsx#Coursework,Prototype only,P5,app/src/screens.tsx; app/src/lib/nav.ts,none,no exact current destination,none,none,"No exact current route, catalog row, or reconciled capability route implements this prototype URL."
#/student/quiz,student,quiz,Quiz 4 (live),19,AssignmentStudio.jsx#Quiz,Existing but incomplete,P5,app/src/screens.tsx; app/src/lib/nav.ts,quiz,nested or shell-only,none,none,The student key maps to the current Screen union; the archive URL and combined prototype behavior are not independently verified.
#/student/feedback,student,feedback,Feedback,19,AssignmentStudio.jsx#Feedback,Prototype only,P5,app/src/screens.tsx; app/src/lib/nav.ts,none,no exact current destination,none,none,"No exact current route, catalog row, or reconciled capability route implements this prototype URL."
#/student/grades,student,grades,Grades,03,Student.jsx#Grades,Prototype only,P5,app/src/screens.tsx; app/src/lib/nav.ts,none,no exact current destination,none,none,"No exact current route, catalog row, or reconciled capability route implements this prototype URL."
#/student/registration,student,registration,Registration,03,Student.jsx#Registration,Existing but incomplete,P5,app/src/screens.tsx; app/src/lib/nav.ts,registration,nested or shell-only,none,none,The student key maps to the current Screen union; the archive URL and combined prototype behavior are not independently verified.
#/student/advising,student,advising,Advising,03,Student.jsx#Advising,Prototype only,P5,app/src/screens.tsx; app/src/lib/nav.ts,none,no exact current destination,none,none,"No exact current route, catalog row, or reconciled capability route implements this prototype URL."
#/student/messages,student,messages,Messages,03,Student.jsx#Messages,Prototype only,P5,app/src/screens.tsx; app/src/lib/nav.ts,none,no exact current destination,none,none,"No exact current route, catalog row, or reconciled capability route implements this prototype URL."
#/student/account,student,account,Money,03,Student.jsx#Account,Existing but incomplete,P5,app/src/screens.tsx; app/src/lib/nav.ts,account,registered destination,none,none,The student key maps to the current Screen union; the archive URL and combined prototype behavior are not independently verified.
#/student/study,student,study,Study studio,03,Student.jsx#Study,Existing but incomplete,P5,app/src/screens.tsx; app/src/lib/nav.ts,study,registered destination,none,none,The student key maps to the current Screen union; the archive URL and combined prototype behavior are not independently verified.
#/student/toolkit,student,toolkit,Work on it,03,Learning.jsx#Toolkit,Prototype only,P5,app/src/screens.tsx; app/src/lib/nav.ts,none,no exact current destination,none,none,"No exact current route, catalog row, or reconciled capability route implements this prototype URL."
#/student/teach,student,teach,Teach it back,03,Learning.jsx#TeachBack,Prototype only,P5,app/src/screens.tsx; app/src/lib/nav.ts,none,no exact current destination,none,none,"No exact current route, catalog row, or reconciled capability route implements this prototype URL."
#/student/briefing,student,briefing,Briefing,19,DegreeAI.jsx#Briefing,Prototype only,P5,app/src/screens.tsx; app/src/lib/nav.ts,none,no exact current destination,none,none,"No exact current route, catalog row, or reconciled capability route implements this prototype URL."
#/student/ai,student,ai,Ask Semester,03,Learning.jsx#Assistant,Prototype only,P5,app/src/screens.tsx; app/src/lib/nav.ts,none,no exact current destination,none,none,"No exact current route, catalog row, or reconciled capability route implements this prototype URL."
#/student/recommendation,student,recommendation,Recommendation,19,DegreeAI.jsx#Recommendation,Prototype only,P5,app/src/screens.tsx; app/src/lib/nav.ts,none,no exact current destination,none,none,"No exact current route, catalog row, or reconciled capability route implements this prototype URL."
#/student/actions,student,actions,Action center,18,Roles.jsx#ActionCenter,Existing but incomplete,P5,app/src/screens.tsx; app/src/lib/nav.ts,none,no exact current destination,B-002:exists,none,"An exact normalized catalog label has current exists/partial evidence, but not proof for the archive URL and full prototype behavior."
#/student/search,student,search,Search,18,Roles.jsx#Search,Existing but incomplete,P4,app/src/screens.tsx; app/src/lib/nav.ts; app/server/productivity/,search,nested or shell-only,B-041:exists,shared.search,Capability register match: shared.search. The archive URL remains a prototype alias.
#/student/launchpad,student,launchpad,Launchpad,03,Experience.jsx#Launchpad,Existing but incomplete,P5,app/src/screens.tsx; app/src/lib/nav.ts,launchpad,registered destination,none,none,The student key maps to the current Screen union; the archive URL and combined prototype behavior are not independently verified.
#/student/calendar,student,calendar,Calendar,03,Experience.jsx#Calendar,Existing but incomplete,P5,app/src/screens.tsx; app/src/lib/nav.ts,calendar,registered destination,B-004:exists,none,The student key maps to the current Screen union; the archive URL and combined prototype behavior are not independently verified.
#/student/degree,student,degree,The degree,19,DegreeAI.jsx#DegreeAudit,Existing but incomplete,P5,app/src/screens.tsx; app/src/lib/nav.ts,degree,registered destination,none,none,The student key maps to the current Screen union; the archive URL and combined prototype behavior are not independently verified.
#/student/register,student,register,Class search and cart,03,Portals.jsx#Registration2,Prototype only,P5,app/src/screens.tsx; app/src/lib/nav.ts,none,no exact current destination,none,none,"No exact current route, catalog row, or reconciled capability route implements this prototype URL."
#/student/bill,student,bill,Tuition and aid,03,Portals.jsx#Money2,Prototype only,P5,app/src/screens.tsx; app/src/lib/nav.ts,none,no exact current destination,none,none,"No exact current route, catalog row, or reconciled capability route implements this prototype URL."
#/student/opportunities,student,opportunities,Campus marketplace,07,CampusMarketplace.jsx#Marketplace,Intentionally excluded with a repository-backed rationale,P5,app/src/screens.tsx; app/src/lib/nav.ts,opportunities,registered destination,none,none,D-1287 keeps marketplace routes and models out of scope unless newer human authority reopens them.
#/student/abroad,student,abroad,Study abroad,07,CampusMarketplace.jsx#StudyAbroad,Prototype only,P5,app/src/screens.tsx; app/src/lib/nav.ts,none,no exact current destination,none,none,"No exact current route, catalog row, or reconciled capability route implements this prototype URL."
#/student/clubs,student,clubs,Clubs,07,CampusMarketplace.jsx#Clubs,Prototype only,P5,app/src/screens.tsx; app/src/lib/nav.ts,none,no exact current destination,none,none,"No exact current route, catalog row, or reconciled capability route implements this prototype URL."
#/student/market,student,market,Buy and sell,03,Portals.jsx#Market,Intentionally excluded with a repository-backed rationale,P5,app/src/screens.tsx; app/src/lib/nav.ts,none,no exact current destination,none,none,D-1287 keeps marketplace routes and models out of scope unless newer human authority reopens them.
#/student/housing,student,housing,Housing,18,Roles.jsx#Housing,Existing but incomplete,P5,app/src/screens.tsx; app/src/lib/nav.ts,housing,registered destination,B-049:exists,none,The student key maps to the current Screen union; the archive URL and combined prototype behavior are not independently verified.
#/student/housingportal,student,housingportal,Housing application,03,Portals.jsx#HousingPortal,Prototype only,P5,app/src/screens.tsx; app/src/lib/nav.ts,none,no exact current destination,none,none,"No exact current route, catalog row, or reconciled capability route implements this prototype URL."
#/student/dining,student,dining,Meal plan,18,Roles.jsx#Dining,Existing but incomplete,P5,app/src/screens.tsx; app/src/lib/nav.ts,dining,nested or shell-only,G-004:exists,none,The student key maps to the current Screen union; the archive URL and combined prototype behavior are not independently verified.
#/student/family,student,family,Family sharing,18,Roles.jsx#FamilyShare,Existing but incomplete,P5,app/src/screens.tsx; app/src/lib/nav.ts,family,registered destination,B-057:exists,none,The student key maps to the current Screen union; the archive URL and combined prototype behavior are not independently verified.
#/student/write,student,write,Write,03,Experience.jsx#Write,Existing but incomplete,P5,app/src/screens.tsx; app/src/lib/nav.ts,write,registered destination,none,none,The student key maps to the current Screen union; the archive URL and combined prototype behavior are not independently verified.
#/student/solve,student,solve,Solve,03,Experience.jsx#Solve,Existing but incomplete,P5,app/src/screens.tsx; app/src/lib/nav.ts,solve,registered destination,none,none,The student key maps to the current Screen union; the archive URL and combined prototype behavior are not independently verified.
#/student/sources,student,sources,Sources,03,Experience.jsx#Sources,Existing but incomplete,P5,app/src/screens.tsx; app/src/lib/nav.ts,sources,registered destination,none,none,The student key maps to the current Screen union; the archive URL and combined prototype behavior are not independently verified.
#/student/community,student,community,Classmates,03,Experience.jsx#Community,Existing but incomplete,P5,app/src/screens.tsx; app/src/lib/nav.ts,community,registered destination,none,none,The student key maps to the current Screen union; the archive URL and combined prototype behavior are not independently verified.
#/student/groupwork,student,groupwork,Groupwork,03,Experience.jsx#Groupwork,Existing but incomplete,P5,app/src/screens.tsx; app/src/lib/nav.ts,groupwork,registered destination,none,none,The student key maps to the current Screen union; the archive URL and combined prototype behavior are not independently verified.
#/student/maps,student,maps,Maps,03,Experience.jsx#Maps,Existing but incomplete,P5,app/src/screens.tsx; app/src/lib/nav.ts,maps,registered destination,none,none,The student key maps to the current Screen union; the archive URL and combined prototype behavior are not independently verified.
#/student/activities,student,activities,Activities,03,Experience.jsx#Involvement,Existing but incomplete,P5,app/src/screens.tsx; app/src/lib/nav.ts,activities,registered destination,none,none,The student key maps to the current Screen union; the archive URL and combined prototype behavior are not independently verified.
#/student/help,student,help,Get help,03,Experience.jsx#Help,Existing but incomplete,P5,app/src/screens.tsx; app/src/lib/nav.ts,help,registered destination,none,none,The student key maps to the current Screen union; the archive URL and combined prototype behavior are not independently verified.
#/student/recovery,student,recovery,Back on track,03,Experience.jsx#Recovery,Existing but incomplete,P5,app/src/screens.tsx; app/src/lib/nav.ts,recovery,nested or shell-only,none,none,The student key maps to the current Screen union; the archive URL and combined prototype behavior are not independently verified.
#/student/career,student,career,Career,18,Gaps.jsx#Career,Existing but incomplete,P5,app/src/screens.tsx; app/src/lib/nav.ts,career,registered destination,B-059:exists,none,The student key maps to the current Screen union; the archive URL and combined prototype behavior are not independently verified.
#/student/me,student,me,Me,03,Experience.jsx#Me,Existing but incomplete,P5,app/src/screens.tsx; app/src/lib/nav.ts,me,registered destination,none,none,The student key maps to the current Screen union; the archive URL and combined prototype behavior are not independently verified.
#/student/profile,student,profile,Profile and portfolio,20,ProfilePortfolio.jsx#ProfilePortfolio,Existing but incomplete,P5,app/src/screens.tsx; app/src/lib/nav.ts,profile,registered destination,none,none,The student key maps to the current Screen union; the archive URL and combined prototype behavior are not independently verified.
#/student/plan,student,plan,Membership,11,Membership.jsx#StudentPlan,Existing but incomplete,P5,app/src/screens.tsx; app/src/lib/nav.ts,none,no exact current destination,G-019:partial,none,"An exact normalized catalog label has current exists/partial evidence, but not proof for the archive URL and full prototype behavior."
#/student/privacy,student,privacy,Privacy,18,Gaps.jsx#Privacy,Existing but incomplete,P5,app/src/screens.tsx; app/src/lib/nav.ts,privacy,registered destination,A-070:partial; N-060:partial,none,The student key maps to the current Screen union; the archive URL and combined prototype behavior are not independently verified.
#/student/trustroom,student,trustroom,Trust room,03,Experience.jsx#TrustRoom,Existing but incomplete,P5,app/src/screens.tsx; app/src/lib/nav.ts,none,no exact current destination,N-054:partial,none,"An exact normalized catalog label has current exists/partial evidence, but not proof for the archive URL and full prototype behavior."
#/student/changes,student,changes,What’s new,03,Experience.jsx#Changes,Prototype only,P5,app/src/screens.tsx; app/src/lib/nav.ts,none,no exact current destination,none,none,"No exact current route, catalog row, or reconciled capability route implements this prototype URL."
#/student/everything,student,everything,Everything,03,Student.jsx#Everything,Prototype only,P5,app/src/screens.tsx; app/src/lib/nav.ts,none,no exact current destination,none,none,"No exact current route, catalog row, or reconciled capability route implements this prototype URL."
#/student/network,student,network,Network,20,Networking.jsx#NwxStudentNetwork,Prototype only,P5,app/src/screens.tsx; app/src/lib/nav.ts,none,no exact current destination,none,none,"No exact current route, catalog row, or reconciled capability route implements this prototype URL."
#/student/gradebook,student,gradebook,Gradebook,19,AcademicStudent.jsx#ArxGradebook,Existing but incomplete,P5,app/src/screens.tsx; app/src/lib/nav.ts,gradebook,nested or shell-only,C-017:exists,none,The student key maps to the current Screen union; the archive URL and combined prototype behavior are not independently verified.
#/student/transcript,student,transcript,Transcript,19,AcademicStudent.jsx#ArxTranscript,Prototype only,P5,app/src/screens.tsx; app/src/lib/nav.ts,none,no exact current destination,none,none,"No exact current route, catalog row, or reconciled capability route implements this prototype URL."
#/student/notifications,student,notifications,Notifications,24,EndToEnd.jsx#E2xNotify,Existing but incomplete,P4,app/src/screens.tsx; app/src/lib/nav.ts; app/server/productivity/,none,no exact current destination,B-003:exists,shared.notifications,Capability register match: shared.notifications. The archive URL remains a prototype alias.
#/student/feed,student,feed,Feed,20,Social.jsx#SocFeed,Prototype only,P5,app/src/screens.tsx; app/src/lib/nav.ts,none,no exact current destination,none,none,"No exact current route, catalog row, or reconciled capability route implements this prototype URL."
#/student/me-social,student,me-social,My social profile,20,Social.jsx#SocProfile,Prototype only,P5,app/src/screens.tsx; app/src/lib/nav.ts,none,no exact current destination,none,none,"No exact current route, catalog row, or reconciled capability route implements this prototype URL."
#/student/social-privacy,student,social-privacy,Social privacy,20,Social.jsx#SocPrivacy,Prototype only,P5,app/src/screens.tsx; app/src/lib/nav.ts,none,no exact current destination,none,none,"No exact current route, catalog row, or reconciled capability route implements this prototype URL."
#/student/firstrun,student,firstrun,First login,24,Controls.jsx#CtxFirstRun,Prototype only,P5,app/src/screens.tsx; app/src/lib/nav.ts,none,no exact current destination,none,none,"No exact current route, catalog row, or reconciled capability route implements this prototype URL."
#/student/scenario,student,scenario,What-if path,19,RecordsFlow.jsx#RfxScenario,Prototype only,P5,app/src/screens.tsx; app/src/lib/nav.ts,none,no exact current destination,none,none,"No exact current route, catalog row, or reconciled capability route implements this prototype URL."
#/student/advise,student,advise,Course advisor,20,SocialMod.jsx#CaxAdvisor,Prototype only,P5,app/src/screens.tsx; app/src/lib/nav.ts,none,no exact current destination,none,none,"No exact current route, catalog row, or reconciled capability route implements this prototype URL."
#/student/regplan,student,regplan,Plan registration,19,AcademicPlan.jsx#ApxRegister,Prototype only,P5,app/src/screens.tsx; app/src/lib/nav.ts,none,no exact current destination,none,none,"No exact current route, catalog row, or reconciled capability route implements this prototype URL."
#/student/majors,student,majors,Explore majors,19,AcademicPlan.jsx#ApxMajors,Prototype only,P5,app/src/screens.tsx; app/src/lib/nav.ts,none,no exact current destination,none,none,"No exact current route, catalog row, or reconciled capability route implements this prototype URL."
#/student/nextsteps,student,nextsteps,Executive Advisor,19,ExecAdvisor.jsx#IexAdvisor,Prototype only,P5,app/src/screens.tsx; app/src/lib/nav.ts,none,no exact current destination,none,none,"No exact current route, catalog row, or reconciled capability route implements this prototype URL."
#/faculty/home,faculty,home,Teaching home,04,FacultyInstitution.jsx#FHome,Prototype only,P6,app/src/components/CourseStudio.tsx; app/src/components/Gradebook.tsx,none,no exact current destination,none,none,"No exact current route, catalog row, or reconciled capability route implements this prototype URL."
#/faculty/course,faculty,course,Course studio,04,FacultyInstitution.jsx#FCourse,Existing but incomplete,P6,app/src/components/CourseStudio.tsx; app/src/components/Gradebook.tsx,none,no exact current destination,B-027:exists,none,"An exact normalized catalog label has current exists/partial evidence, but not proof for the archive URL and full prototype behavior."
#/faculty/roster,faculty,roster,Roster,04,FacultyInstitution.jsx#FRoster,Prototype only,P6,app/src/components/CourseStudio.tsx; app/src/components/Gradebook.tsx,none,no exact current destination,none,none,"No exact current route, catalog row, or reconciled capability route implements this prototype URL."
#/faculty/grading,faculty,grading,Grading,04,FacultyInstitution.jsx#FGrading,Prototype only,P6,app/src/components/CourseStudio.tsx; app/src/components/Gradebook.tsx,none,no exact current destination,none,none,"No exact current route, catalog row, or reconciled capability route implements this prototype URL."
#/faculty/announce,faculty,announce,Announcements,04,FacultyInstitution.jsx#FAnnounce,Prototype only,P6,app/src/components/CourseStudio.tsx; app/src/components/Gradebook.tsx,none,no exact current destination,none,none,"No exact current route, catalog row, or reconciled capability route implements this prototype URL."
#/faculty/builder,faculty,builder,Assignment builder,19,AssignmentFaculty.jsx#Builder,Prototype only,P6,app/src/components/CourseStudio.tsx; app/src/components/Gradebook.tsx,none,no exact current destination,none,none,"No exact current route, catalog row, or reconciled capability route implements this prototype URL."
#/faculty/bank,faculty,bank,Question bank,19,AssignmentFaculty.jsx#QuestionBank,Existing but incomplete,P6,app/src/components/CourseStudio.tsx; app/src/components/Gradebook.tsx,none,no exact current destination,C-015:partial,none,"An exact normalized catalog label has current exists/partial evidence, but not proof for the archive URL and full prototype behavior."
#/faculty/inbox,faculty,inbox,Submission inbox,19,AssignmentFaculty.jsx#Inbox,Prototype only,P6,app/src/components/CourseStudio.tsx; app/src/components/Gradebook.tsx,none,no exact current destination,none,none,"No exact current route, catalog row, or reconciled capability route implements this prototype URL."
#/faculty/grade,faculty,grade,Grade a submission,05,LTISequence.jsx#Grading,Prototype only,P6,app/src/components/CourseStudio.tsx; app/src/components/Gradebook.tsx,none,no exact current destination,none,none,"No exact current route, catalog row, or reconciled capability route implements this prototype URL."
#/faculty/gradebook,faculty,gradebook,Gradebook,19,AssignmentFaculty.jsx#Gradebook,Existing but incomplete,P6,app/src/components/CourseStudio.tsx; app/src/components/Gradebook.tsx,none,no exact current destination,C-017:exists,none,"An exact normalized catalog label has current exists/partial evidence, but not proof for the archive URL and full prototype behavior."
#/faculty/requests,faculty,requests,Requests,19,AssignmentFaculty.jsx#Forms,Prototype only,P6,app/src/components/CourseStudio.tsx; app/src/components/Gradebook.tsx,none,no exact current destination,none,none,"No exact current route, catalog row, or reconciled capability route implements this prototype URL."
#/faculty/gradesync,faculty,gradesync,Grade sync,05,LTI.jsx#GradeSync,Prototype only,P6,app/src/components/CourseStudio.tsx; app/src/components/Gradebook.tsx,none,no exact current destination,none,none,"No exact current route, catalog row, or reconciled capability route implements this prototype URL."
#/faculty/lineitem,faculty,lineitem,Grade column,05,LTICompliance.jsx#LineItemResolver,Prototype only,P6,app/src/components/CourseStudio.tsx; app/src/components/Gradebook.tsx,none,no exact current destination,none,none,"No exact current route, catalog row, or reconciled capability route implements this prototype URL."
#/faculty/coursecopy,faculty,coursecopy,Course copy,05,LTITrace.jsx#CourseCopy,Prototype only,P6,app/src/components/CourseStudio.tsx; app/src/components/Gradebook.tsx,none,no exact current destination,none,none,"No exact current route, catalog row, or reconciled capability route implements this prototype URL."
#/faculty/gbcontrols,faculty,gbcontrols,Gradebook controls,19,AcademicStaff.jsx#ArsFacultyGradebook,Prototype only,P6,app/src/components/CourseStudio.tsx; app/src/components/Gradebook.tsx,none,no exact current destination,none,none,"No exact current route, catalog row, or reconciled capability route implements this prototype URL."
#/faculty/posting,faculty,posting,Grade posting,19,RecordsFlow.jsx#RfxPosting,Prototype only,P6,app/src/components/CourseStudio.tsx; app/src/components/Gradebook.tsx,none,no exact current destination,none,none,"No exact current route, catalog row, or reconciled capability route implements this prototype URL."
#/faculty/assistant,faculty,assistant,Instructor Assistant,21,IntelRoles.jsx#SixInstructor,Prototype only,P6,app/src/components/CourseStudio.tsx; app/src/components/Gradebook.tsx,none,no exact current destination,none,none,"No exact current route, catalog row, or reconciled capability route implements this prototype URL."
#/institution/os,institution,os,Institution OS,05,InstitutionOS.jsx#InstitutionOS,Prototype only,P6,app/src/screens/Registrar.tsx; app/src/components/institutional/,none,no exact current destination,none,none,"No exact current route, catalog row, or reconciled capability route implements this prototype URL."
#/institution/queue,institution,queue,Work queue,05,InstitutionOS.jsx#OpsQueue,Prototype only,P6,app/src/screens/Registrar.tsx; app/src/components/institutional/,none,no exact current destination,none,none,"No exact current route, catalog row, or reconciled capability route implements this prototype URL."
#/institution/term,institution,term,Term planner,19,TermPlanner.jsx#TermPlanner,Existing but incomplete,P6,app/src/screens/Registrar.tsx; app/src/components/institutional/,none,no exact current destination,B-012:partial,none,"An exact normalized catalog label has current exists/partial evidence, but not proof for the archive URL and full prototype behavior."
#/institution/announce,institution,announce,Announcements,05,AnnouncementComposer.jsx#AnnouncementComposer,Prototype only,P6,app/src/screens/Registrar.tsx; app/src/components/institutional/,none,no exact current destination,none,none,"No exact current route, catalog row, or reconciled capability route implements this prototype URL."
#/institution/handoffs,institution,handoffs,Office handoffs,04,FacultyInstitution.jsx#IHandoffs,Existing but incomplete,P6,app/src/screens/Registrar.tsx; app/src/screens/Gradebook.tsx; app/server/institution/; supabase/migrations/,none,no exact current destination,none,inst.handoffs,Capability register match: inst.handoffs. The archive URL remains a prototype alias.
#/institution/registrar,institution,registrar,Registrar,04,FacultyInstitution.jsx#IRegistrar,Existing but incomplete,P6,app/src/screens/Registrar.tsx; app/src/screens/Gradebook.tsx; app/server/institution/; supabase/migrations/,none,no exact current destination,none,inst.registrar,Capability register match: inst.registrar. The archive URL remains a prototype alias.
#/institution/people,institution,people,Invitations,04,FacultyInstitution.jsx#IPeople,Prototype only,P6,app/src/screens/Registrar.tsx; app/src/components/institutional/,none,no exact current destination,none,none,"No exact current route, catalog row, or reconciled capability route implements this prototype URL."
#/institution/integrations,institution,integrations,Integrations,04,FacultyInstitution.jsx#IIntegrations,Existing but incomplete,P6,app/src/screens/Registrar.tsx; app/src/components/institutional/,none,no exact current destination,N-049:partial,none,"An exact normalized catalog label has current exists/partial evidence, but not proof for the archive URL and full prototype behavior."
#/institution/authority,institution,authority,Domain authority,22,Authority.jsx#AuthorityMap,Prototype only,P6,app/src/screens/Registrar.tsx; app/src/components/institutional/,none,no exact current destination,none,none,"No exact current route, catalog row, or reconciled capability route implements this prototype URL."
#/institution/entitlements,institution,entitlements,Entitlements,18,Gaps.jsx#Entitlements,Existing but incomplete,P6,app/src/screens/Registrar.tsx; app/src/components/institutional/,none,no exact current destination,K-014:partial; N-030:partial,none,"An exact normalized catalog label has current exists/partial evidence, but not proof for the archive URL and full prototype behavior."
#/institution/activation,institution,activation,Module activation,11,Membership.jsx#InstitutionActivation,Prototype only,P6,app/src/screens/Registrar.tsx; app/src/components/institutional/,none,no exact current destination,none,none,"No exact current route, catalog row, or reconciled capability route implements this prototype URL."
#/institution/regops,institution,regops,Registration operations,04,PortalsStaff.jsx#RegOps,Prototype only,P6,app/src/screens/Registrar.tsx; app/src/components/institutional/,none,no exact current destination,none,none,"No exact current route, catalog row, or reconciled capability route implements this prototype URL."
#/institution/onbverify,institution,onbverify,Admitted verification,04,PortalsStaff.jsx#OnbVerify,Prototype only,P6,app/src/screens/Registrar.tsx; app/src/components/institutional/,none,no exact current destination,none,none,"No exact current route, catalog row, or reconciled capability route implements this prototype URL."
#/institution/documents,institution,documents,Documents,24,SemesterOSHome.jsx#OsxDocuments,Prototype only,P10,docs/master/REPO_AUDIT.md; docs/operations/SEMESTER_COMPANY_OPERATING_SYSTEM.md,none,no exact current destination,B-036:exists,shared.documents,Capability register match: shared.documents. The archive URL remains a prototype alias.
#/institution/records,institution,records,Academic records,19,AcademicStaff.jsx#ArsRegistrar,Existing but incomplete,P6,app/src/screens/Registrar.tsx; app/src/screens/Gradebook.tsx; app/server/institution/; supabase/migrations/,none,no exact current destination,none,inst.registrar,Capability register match: inst.registrar. The archive URL remains a prototype alias.
#/institution/segments,institution,segments,Audience segments,24,EndToEnd.jsx#E2xSegments,Prototype only,P6,app/src/screens/Registrar.tsx; app/src/components/institutional/,none,no exact current destination,none,none,"No exact current route, catalog row, or reconciled capability route implements this prototype URL."
#/institution/workflows,institution,workflows,Workflow settings,24,EndToEnd.jsx#E2xWorkflows,Prototype only,P6,app/src/screens/Registrar.tsx; app/src/components/institutional/,none,no exact current destination,none,none,"No exact current route, catalog row, or reconciled capability route implements this prototype URL."
#/institution/exceptions,institution,exceptions,Registration exceptions,24,Controls.jsx#CtxExceptions,Prototype only,P6,app/src/screens/Registrar.tsx; app/src/components/institutional/,none,no exact current destination,none,none,"No exact current route, catalog row, or reconciled capability route implements this prototype URL."
#/institution/substitutions,institution,substitutions,Substitution engine,19,Exceptions.jsx#ExxEngine,Prototype only,P6,app/src/screens/Registrar.tsx; app/src/components/institutional/,none,no exact current destination,none,none,"No exact current route, catalog row, or reconciled capability route implements this prototype URL."
#/advisor/caseload,advisor,caseload,Caseload,18,Roles.jsx#RoleAdvising,Prototype only,P7,app/src/components/SharedPlan.tsx; app/src/components/HelpInbox.tsx,none,no exact current destination,D-002:missing,none,"No exact current route, catalog row, or reconciled capability route implements this prototype URL."
#/advisor/audit,advisor,audit,Shared degree audit,19,AcademicStaff.jsx#ArsAdvisorAudit,Prototype only,P7,app/src/components/SharedPlan.tsx; app/src/components/HelpInbox.tsx,none,no exact current destination,none,none,"No exact current route, catalog row, or reconciled capability route implements this prototype URL."
#/advisor/home,advisor,home,Advising home,24,EndToEnd.jsx#E2xFacultyHome,Prototype only,P7,app/src/components/SharedPlan.tsx; app/src/components/HelpInbox.tsx,none,no exact current destination,none,none,"No exact current route, catalog row, or reconciled capability route implements this prototype URL."
#/advisor/engine,advisor,engine,Recommendation engine,19,AdvisingEngine.jsx#AexEngine,Prototype only,P7,app/src/components/SharedPlan.tsx; app/src/components/HelpInbox.tsx,none,no exact current destination,none,none,"No exact current route, catalog row, or reconciled capability route implements this prototype URL."
#/advisor/rules,advisor,rules,Rule evaluator,22,DpaRules.jsx#DpxEvaluator,Prototype only,P7,app/src/components/SharedPlan.tsx; app/src/components/HelpInbox.tsx,none,no exact current destination,none,none,"No exact current route, catalog row, or reconciled capability route implements this prototype URL."
#/advisor/access,advisor,access,Permission walkthrough,19,Guardrails.jsx#GrxWalk,Prototype only,P7,app/src/components/SharedPlan.tsx; app/src/components/HelpInbox.tsx,none,no exact current destination,none,none,"No exact current route, catalog row, or reconciled capability route implements this prototype URL."
#/advisor/guard,advisor,guard,Explanation guard,19,Guardrails.jsx#GrxGuard,Prototype only,P7,app/src/components/SharedPlan.tsx; app/src/components/HelpInbox.tsx,none,no exact current destination,none,none,"No exact current route, catalog row, or reconciled capability route implements this prototype URL."
#/ta/queue,ta,queue,My grading,18,Roles.jsx#FinOps,Prototype only,P6,app/src/components/Gradebook.tsx; app/src/components/HelpInbox.tsx,none,no exact current destination,none,none,"No exact current route, catalog row, or reconciled capability route implements this prototype URL."
#/ta/sections,ta,sections,My sections,24,DepthA.jsx#DpaTaSections,Prototype only,P6,app/src/components/Gradebook.tsx; app/src/components/HelpInbox.tsx,none,no exact current destination,none,none,"No exact current route, catalog row, or reconciled capability route implements this prototype URL."
#/ta/hours,ta,hours,Office hours,24,DepthA.jsx#DpaTaHours,Existing but incomplete,P6,app/src/components/Gradebook.tsx; app/src/components/HelpInbox.tsx,none,no exact current destination,C-027:partial,none,"An exact normalized catalog label has current exists/partial evidence, but not proof for the archive URL and full prototype behavior."
#/ta/regrades,ta,regrades,Regrade requests,24,DepthA.jsx#DpaTaRegrades,Prototype only,P6,app/src/components/Gradebook.tsx; app/src/components/HelpInbox.tsx,none,no exact current destination,none,none,"No exact current route, catalog row, or reconciled capability route implements this prototype URL."
#/finops/queue,finops,queue,Accounts and aid,18,Roles.jsx#FinOps,Prototype only,P6,app/src/components/StudentAccounts.tsx; app/src/lib/finance/,none,no exact current destination,none,none,"No exact current route, catalog row, or reconciled capability route implements this prototype URL."
#/finops/payments,finops,payments,Payments and holds,24,Controls.jsx#CtxPayments,Prototype only,P6,app/src/components/StudentAccounts.tsx; app/src/lib/finance/,none,no exact current destination,none,none,"No exact current route, catalog row, or reconciled capability route implements this prototype URL."
#/finops/refunds,finops,refunds,Refund queue,24,DepthB.jsx#DpbFinRefunds,Prototype only,P6,app/src/components/StudentAccounts.tsx; app/src/lib/finance/,none,no exact current destination,none,none,"No exact current route, catalog row, or reconciled capability route implements this prototype URL."
#/finops/plans,finops,plans,Payment plans,24,DepthB.jsx#DpbFinPlans,Prototype only,P6,app/src/components/StudentAccounts.tsx; app/src/lib/finance/,none,no exact current destination,none,none,"No exact current route, catalog row, or reconciled capability route implements this prototype URL."
#/support/desk,support,desk,Cases,18,Roles.jsx#SupportDesk,Prototype only,P7,app/src/components/HelpInbox.tsx; app/src/components/console/,none,no exact current destination,none,none,"No exact current route, catalog row, or reconciled capability route implements this prototype URL."
#/support/case,support,case,Case SUP-2210,24,DepthA.jsx#DpaSupportCase,Prototype only,P7,app/src/components/HelpInbox.tsx; app/src/components/console/,none,no exact current destination,none,none,"No exact current route, catalog row, or reconciled capability route implements this prototype URL."
#/support/sla,support,sla,Service levels,24,DepthA.jsx#DpaSupportSla,Prototype only,P7,app/src/components/HelpInbox.tsx; app/src/components/console/,none,no exact current destination,none,none,"No exact current route, catalog row, or reconciled capability route implements this prototype URL."
#/admissions/applicants,admissions,applicants,Applicants,18,Roles.jsx#Admissions,Prototype only,P6,docs/master/REPO_AUDIT.md; docs/ROLE-LAUNCH-REGISTER.md,none,no exact current destination,none,none,"No exact current route, catalog row, or reconciled capability route implements this prototype URL."
#/admissions/leads,admissions,leads,Leads,24,SemesterOSHome.jsx#OsxLeads,Prototype only,P6,docs/master/REPO_AUDIT.md; docs/ROLE-LAUNCH-REGISTER.md,none,no exact current destination,none,none,"No exact current route, catalog row, or reconciled capability route implements this prototype URL."
#/admissions/review,admissions,review,Reader review,24,SemesterOSHome.jsx#OsxReview,Prototype only,P6,docs/master/REPO_AUDIT.md; docs/ROLE-LAUNCH-REGISTER.md,none,no exact current destination,none,none,"No exact current route, catalog row, or reconciled capability route implements this prototype URL."
#/admissions/interviews,admissions,interviews,Interviews,24,SemesterOSHome.jsx#OsxInterviews,Prototype only,P6,docs/master/REPO_AUDIT.md; docs/ROLE-LAUNCH-REGISTER.md,none,no exact current destination,none,none,"No exact current route, catalog row, or reconciled capability route implements this prototype URL."
#/admissions/decisions,admissions,decisions,Decisions,24,SemesterOSHome.jsx#OsxDecisions,Prototype only,P6,docs/master/REPO_AUDIT.md; docs/ROLE-LAUNCH-REGISTER.md,none,no exact current destination,none,none,"No exact current route, catalog row, or reconciled capability route implements this prototype URL."
#/admissions/funnel,admissions,funnel,Funnel,24,SemesterOSHome.jsx#OsxFunnel,Prototype only,P6,docs/master/REPO_AUDIT.md; docs/ROLE-LAUNCH-REGISTER.md,none,no exact current destination,none,none,"No exact current route, catalog row, or reconciled capability route implements this prototype URL."
#/career/postings,career,postings,Postings,03,Services.jsx#CareerPostings,Prototype only,P7,app/src/screens/Career.tsx; app/src/components/ListingDesk.tsx,none,no exact current destination,none,none,"No exact current route, catalog row, or reconciled capability route implements this prototype URL."
#/career/review,career,review,Listing review,07,CampusMarketplace.jsx#ListingReview,Prototype only,P7,app/src/screens/Career.tsx; app/src/components/ListingDesk.tsx,none,no exact current destination,none,none,"No exact current route, catalog row, or reconciled capability route implements this prototype URL."
#/career/coaching,career,coaching,Coaching,03,Services.jsx#CareerCoaching,Prototype only,P7,app/src/screens/Career.tsx; app/src/components/ListingDesk.tsx,none,no exact current destination,none,none,"No exact current route, catalog row, or reconciled capability route implements this prototype URL."
#/career/outcomes,career,outcomes,Outcomes,03,Services.jsx#CareerOutcomes,Prototype only,P7,app/src/screens/Career.tsx; app/src/components/ListingDesk.tsx,none,no exact current destination,none,none,"No exact current route, catalog row, or reconciled capability route implements this prototype URL."
#/campus/requests,campus,requests,Service requests,03,Services.jsx#CampusRequests,Prototype only,P7,app/src/screens/University.tsx; app/src/components/Dining.tsx,none,no exact current destination,none,none,"No exact current route, catalog row, or reconciled capability route implements this prototype URL."
#/campus/capacity,campus,capacity,Housing capacity,03,Services.jsx#CampusCapacity,Prototype only,P7,app/src/screens/University.tsx; app/src/components/Dining.tsx,none,no exact current destination,none,none,"No exact current route, catalog row, or reconciled capability route implements this prototype URL."
#/campus/dining,campus,dining,Dining,03,Services.jsx#CampusDining,Existing but incomplete,P7,app/src/screens/University.tsx; app/src/components/Dining.tsx,none,no exact current destination,B-048:exists,none,"An exact normalized catalog label has current exists/partial evidence, but not proof for the archive URL and full prototype behavior."
#/campus/rules,campus,rules,Wallet rules,04,PortalsStaff.jsx#DiningRules,Prototype only,P7,app/src/screens/University.tsx; app/src/components/Dining.tsx,none,no exact current destination,none,none,"No exact current route, catalog row, or reconciled capability route implements this prototype URL."
#/campus/events,campus,events,Event approvals,24,SemesterOSHome.jsx#OsxEvents,Prototype only,P7,app/src/screens/University.tsx; app/src/components/Dining.tsx,none,no exact current destination,none,none,"No exact current route, catalog row, or reconciled capability route implements this prototype URL."
#/marketplace/queue,marketplace,queue,Review queue,04,PortalsStaff.jsx#Moderation,Intentionally excluded with a repository-backed rationale,P11,docs/decisions/D-1287.md,none,no exact current destination,none,none,D-1287 keeps marketplace routes and models out of scope unless newer human authority reopens them.
#/marketplace/disputes,marketplace,disputes,Disputes,24,DepthA.jsx#DpaMarketDisputes,Intentionally excluded with a repository-backed rationale,P11,docs/decisions/D-1287.md,none,no exact current destination,none,none,D-1287 keeps marketplace routes and models out of scope unless newer human authority reopens them.
#/marketplace/providers,marketplace,providers,Provider verification,24,DepthA.jsx#DpaMarketProviders,Intentionally excluded with a repository-backed rationale,P11,docs/decisions/D-1287.md,none,no exact current destination,none,none,D-1287 keeps marketplace routes and models out of scope unless newer human authority reopens them.
#/insights/readiness,insights,readiness,Readiness,18,Roles.jsx#Insights,Prototype only,P6,app/src/screens/Console.tsx; app/src/components/institutional/,none,no exact current destination,none,none,"No exact current route, catalog row, or reconciled capability route implements this prototype URL."
#/insights/business,insights,business,Campus business,15,CampusBusiness.jsx#CampusBusiness,Prototype only,P6,app/src/screens/Console.tsx; app/src/components/institutional/,none,no exact current destination,none,none,"No exact current route, catalog row, or reconciled capability route implements this prototype URL."
#/insights/budget,insights,budget,Department budget,15,BudgetWorkspace.jsx#BudgetWorkspace,Prototype only,P6,app/src/screens/Console.tsx; app/src/components/institutional/,none,no exact current destination,none,none,"No exact current route, catalog row, or reconciled capability route implements this prototype URL."
#/trust/audit,trust,audit,Audit explorer,18,Roles.jsx#Trust,Existing but incomplete,P3,app/src/screens/Console.tsx; app/src/components/console/,none,no exact current destination,K-039:exists; N-070:exists,none,"An exact normalized catalog label has current exists/partial evidence, but not proof for the archive URL and full prototype behavior."
#/trust/matrix,trust,matrix,Access matrix,22,Ferpa.jsx#FerpaMatrix,Prototype only,P3,app/src/screens/Console.tsx; app/src/components/console/,none,no exact current destination,none,none,"No exact current route, catalog row, or reconciled capability route implements this prototype URL."
#/trust/monitor,trust,monitor,Governance monitor,22,GovMonitor.jsx#GovMonitor,Prototype only,P3,app/src/screens/Console.tsx; app/src/components/console/,none,no exact current destination,none,none,"No exact current route, catalog row, or reconciled capability route implements this prototype URL."
#/trust/permissions,trust,permissions,Permission checker,24,Controls.jsx#CtxPermissions,Prototype only,P3,app/src/screens/Console.tsx; app/src/components/console/,none,no exact current destination,none,none,"No exact current route, catalog row, or reconciled capability route implements this prototype URL."
#/trust/social,trust,social,Social moderation,20,SocialMod.jsx#SmxModeration,Prototype only,P3,app/src/screens/Console.tsx; app/src/components/console/,none,no exact current destination,none,none,"No exact current route, catalog row, or reconciled capability route implements this prototype URL."
#/trust/ranking,trust,ranking,Feed ranking lab,20,SocialRank.jsx#SrxRanking,Prototype only,P3,app/src/screens/Console.tsx; app/src/components/console/,none,no exact current destination,none,none,"No exact current route, catalog row, or reconciled capability route implements this prototype URL."
#/trust/safety,trust,safety,Social safety pipeline,20,SocialRank.jsx#SrxSafety,Prototype only,P3,app/src/screens/Console.tsx; app/src/components/console/,none,no exact current destination,none,none,"No exact current route, catalog row, or reconciled capability route implements this prototype URL."
#/trust/ferpa,trust,ferpa,FERPA checklist,19,AcademicPlan.jsx#ApxFerpa,Prototype only,P3,app/src/screens/Console.tsx; app/src/components/console/,none,no exact current destination,none,none,"No exact current route, catalog row, or reconciled capability route implements this prototype URL."
#/trust/airisk,trust,airisk,AI risk and filters,20,AiRisk.jsx#ArkRisk,Prototype only,P3,app/src/screens/Console.tsx; app/src/components/console/,none,no exact current destination,none,none,"No exact current route, catalog row, or reconciled capability route implements this prototype URL."
#/trust/dpa,trust,dpa,Vendor DPA draft,22,DpaRules.jsx#DpxDpa,Prototype only,P3,app/src/screens/Console.tsx; app/src/components/console/,none,no exact current destination,none,none,"No exact current route, catalog row, or reconciled capability route implements this prototype URL."
#/trust/aiaudit,trust,aiaudit,AI RMF audit,20,SocialVideo.jsx#SvxAudit,Prototype only,P3,app/src/screens/Console.tsx; app/src/components/console/,none,no exact current destination,none,none,"No exact current route, catalog row, or reconciled capability route implements this prototype URL."
#/trust/release,trust,release,Model release gate,19,Guardrails.jsx#GrxRelease,Prototype only,P3,app/src/screens/Console.tsx; app/src/components/console/,none,no exact current destination,none,none,"No exact current route, catalog row, or reconciled capability route implements this prototype URL."
#/trust/drills,trust,drills,Direct-control drills,19,Exceptions.jsx#ExxDrills,Prototype only,P3,app/src/screens/Console.tsx; app/src/components/console/,none,no exact current destination,none,none,"No exact current route, catalog row, or reconciled capability route implements this prototype URL."
#/trust/incident,trust,incident,Moderation incident,20,Incidents.jsx#InxIncident,Prototype only,P3,app/src/screens/Console.tsx; app/src/components/console/,none,no exact current destination,none,none,"No exact current route, catalog row, or reconciled capability route implements this prototype URL."
#/trust/manage,trust,manage,Triggers and rollback,20,Incidents.jsx#InxManage,Prototype only,P3,app/src/screens/Console.tsx; app/src/components/console/,none,no exact current destination,none,none,"No exact current route, catalog row, or reconciled capability route implements this prototype URL."
#/trust/dataflow,trust,dataflow,Data flow and Schedule A,22,DataZones.jsx#ZnxFlow,Prototype only,P3,app/src/screens/Console.tsx; app/src/components/console/,none,no exact current destination,none,none,"No exact current route, catalog row, or reconciled capability route implements this prototype URL."
#/trust/cloud,trust,cloud,Cloud controls,22,CloudAccounts.jsx#ClxCloud,Prototype only,P3,app/src/screens/Console.tsx; app/src/components/console/,none,no exact current destination,none,none,"No exact current route, catalog row, or reconciled capability route implements this prototype URL."
#/trust/revocation,trust,revocation,DC-02 revocation lab,22,Revocation.jsx#RvxLab,Prototype only,P3,app/src/screens/Console.tsx; app/src/components/console/,none,no exact current destination,none,none,"No exact current route, catalog row, or reconciled capability route implements this prototype URL."
#/trust/fieldmap,trust,fieldmap,SIS field map,19,ExecAdvisor.jsx#IexMap,Prototype only,P3,app/src/screens/Console.tsx; app/src/components/console/,none,no exact current destination,none,none,"No exact current route, catalog row, or reconciled capability route implements this prototype URL."
#/trust/contract,trust,contract,Contract worksheet,22,TestsContract.jsx#TrnContract,Prototype only,P3,app/src/screens/Console.tsx; app/src/components/console/,none,no exact current destination,none,none,"No exact current route, catalog row, or reconciled capability route implements this prototype URL."
#/trust/auditpkg,trust,auditpkg,Audit package,20,Outbox.jsx#ObxAudit,Prototype only,P3,app/src/screens/Console.tsx; app/src/components/console/,none,no exact current destination,none,none,"No exact current route, catalog row, or reconciled capability route implements this prototype URL."
#/family/shared,family,shared,Shared with me,18,Roles.jsx#FamilyView,Prototype only,P7,app/src/screens/Family.tsx; app/src/components/FamilySharing.tsx,none,no exact current destination,none,none,"No exact current route, catalog row, or reconciled capability route implements this prototype URL."
#/family/billing,family,billing,Billing,24,DepthA.jsx#DpaFamilyBilling,Prototype only,P7,app/src/screens/Family.tsx; app/src/components/FamilySharing.tsx,none,no exact current destination,none,none,"No exact current route, catalog row, or reconciled capability route implements this prototype URL."
#/family/consent,family,consent,What’s shared,24,DepthA.jsx#DpaFamilyConsent,Prototype only,P7,app/src/screens/Family.tsx; app/src/components/FamilySharing.tsx,none,no exact current destination,none,none,"No exact current route, catalog row, or reconciled capability route implements this prototype URL."
#/alumni/home,alumni,home,Lifelong account,18,Roles.jsx#Alumni,Prototype only,P7,app/src/screens/Pathway.tsx; app/src/components/community/,none,no exact current destination,none,none,"No exact current route, catalog row, or reconciled capability route implements this prototype URL."
#/alumni/directory,alumni,directory,Directory,20,Networking.jsx#NwxAlumniDirectory,Prototype only,P7,app/src/screens/Pathway.tsx; app/src/components/community/,none,no exact current destination,none,none,"No exact current route, catalog row, or reconciled capability route implements this prototype URL."
#/alumni/mentor,alumni,mentor,Mentorship,20,Networking.jsx#NwxAlumniMentor,Prototype only,P7,app/src/screens/Pathway.tsx; app/src/components/community/,none,no exact current destination,none,none,"No exact current route, catalog row, or reconciled capability route implements this prototype URL."
#/alumni/groups,alumni,groups,Groups and events,20,Networking.jsx#NwxAlumniGroups,Prototype only,P7,app/src/screens/Pathway.tsx; app/src/components/community/,none,no exact current destination,none,none,"No exact current route, catalog row, or reconciled capability route implements this prototype URL."
#/alumni/jobs,alumni,jobs,Shared jobs,20,Networking.jsx#NwxAlumniJobs,Prototype only,P7,app/src/screens/Pathway.tsx; app/src/components/community/,none,no exact current destination,none,none,"No exact current route, catalog row, or reconciled capability route implements this prototype URL."
#/alumni/visibility,alumni,visibility,Who sees what,20,Networking.jsx#NwxAlumniPrivacy,Prototype only,P7,app/src/screens/Pathway.tsx; app/src/components/community/,none,no exact current destination,none,none,"No exact current route, catalog row, or reconciled capability route implements this prototype URL."
#/alumni/transcript,alumni,transcript,Transcript,19,AcademicStudent.jsx#ArxTranscript,Prototype only,P7,app/src/screens/Pathway.tsx; app/src/components/community/,none,no exact current destination,none,none,"No exact current route, catalog row, or reconciled capability route implements this prototype URL."
#/employer/roles,employer,roles,Opportunities,18,Roles.jsx#Employer,Existing but incomplete,P7,app/src/components/ListingDesk.tsx; docs/ROLE-LAUNCH-REGISTER.md,none,no exact current destination,B-062:exists,none,"An exact normalized catalog label has current exists/partial evidence, but not proof for the archive URL and full prototype behavior."
#/employer/post,employer,post,Post an opportunity,24,DepthB.jsx#DpbEmployerPost,Prototype only,P7,app/src/components/ListingDesk.tsx; docs/ROLE-LAUNCH-REGISTER.md,none,no exact current destination,none,none,"No exact current route, catalog row, or reconciled capability route implements this prototype URL."
#/employer/applicants,employer,applicants,Applicants,24,DepthB.jsx#DpbEmployerApplicants,Prototype only,P7,app/src/components/ListingDesk.tsx; docs/ROLE-LAUNCH-REGISTER.md,none,no exact current destination,none,none,"No exact current route, catalog row, or reconciled capability route implements this prototype URL."
#/company/home,company,home,Company home,11,CompanyOps.jsx#CHome,Prototype only,P9,app/src/screens/Console.tsx; app/src/components/console/,none,no exact current destination,none,none,"No exact current route, catalog row, or reconciled capability route implements this prototype URL."
#/company/pipeline,company,pipeline,Pipeline,11,CompanyOps.jsx#CPipeline,Existing but incomplete,P9,app/src/screens/Console.tsx; app/src/components/console/; app/src/lib/finance/; supabase/migrations/,none,no exact current destination,none,company.crm,Capability register match: company.crm. The archive URL remains a prototype alias.
#/company/contracts,company,contracts,Contracts,11,CompanyOps.jsx#CContracts,Prototype only,P10,docs/master/REPO_AUDIT.md; docs/operations/SEMESTER_COMPANY_OPERATING_SYSTEM.md,none,no exact current destination,N-028:partial,acct.contracts; company.contracts,Capability register match: acct.contracts; company.contracts. The archive URL remains a prototype alias.
#/company/support,company,support,Support,11,CompanyOps.jsx#CSupport,Existing but incomplete,P9,app/src/screens/Console.tsx; app/src/components/console/; app/src/lib/finance/; supabase/migrations/,none,no exact current destination,none,acct.support; company.support,Capability register match: acct.support; company.support. The archive URL remains a prototype alias.
#/company/billing,company,billing,Invoices,11,CompanyOps.jsx#CBilling,Existing but incomplete,P9,app/src/screens/Console.tsx; app/src/components/console/,none,no exact current destination,N-031:partial,none,"An exact normalized catalog label has current exists/partial evidence, but not proof for the archive URL and full prototype behavior."
#/company/os,company,os,Company OS,11,CompanyOps.jsx#COS,Prototype only,P9,app/src/screens/Console.tsx; app/src/components/console/,none,no exact current destination,none,none,"No exact current route, catalog row, or reconciled capability route implements this prototype URL."
#/company/account,company,account,Customer account view,11,CompanyOps.jsx#AAccount,Prototype only,P9,app/src/screens/Console.tsx; app/src/components/console/,none,no exact current destination,none,none,"No exact current route, catalog row, or reconciled capability route implements this prototype URL."
#/company/quotes,company,quotes,Quotes,18,Gaps.jsx#Quotes,Documentation or roadmap only,P10,docs/master/REPO_AUDIT.md; docs/operations/SEMESTER_COMPANY_OPERATING_SYSTEM.md,none,no exact current destination,N-027:partial,company.quotes,Capability register match: company.quotes. The archive URL remains a prototype alias.
#/company/lifecycle,company,lifecycle,Billing lifecycle,18,Gaps.jsx#Lifecycle,Prototype only,P9,app/src/screens/Console.tsx; app/src/components/console/,none,no exact current destination,none,none,"No exact current route, catalog row, or reconciled capability route implements this prototype URL."
#/company/ledger,company,ledger,Ledger,18,Gaps.jsx#Ledger,Documentation or roadmap only,P10,docs/master/REPO_AUDIT.md; docs/operations/SEMESTER_COMPANY_OPERATING_SYSTEM.md,none,no exact current destination,none,company.accounting,Capability register match: company.accounting. The archive URL remains a prototype alias.
#/company/recon,company,recon,Reconciliation,18,Gaps.jsx#Recon,Prototype only,P9,app/src/screens/Console.tsx; app/src/components/console/,none,no exact current destination,none,none,"No exact current route, catalog row, or reconciled capability route implements this prototype URL."
#/company/vendors,company,vendors,Vendors,18,Gaps.jsx#Vendors,Documentation or roadmap only,P10,docs/master/REPO_AUDIT.md; docs/operations/SEMESTER_COMPANY_OPERATING_SYSTEM.md,none,no exact current destination,none,company.vendors,Capability register match: company.vendors. The archive URL remains a prototype alias.
#/company/agreements,company,agreements,Customer agreements,18,Gaps.jsx#Agreements,Prototype only,P9,app/src/screens/Console.tsx; app/src/components/console/,none,no exact current destination,none,none,"No exact current route, catalog row, or reconciled capability route implements this prototype URL."
#/company/playbooks,company,playbooks,Playbooks,24,SemesterOSHome.jsx#OsxPlaybooks,Prototype only,P9,app/src/screens/Console.tsx; app/src/components/console/,none,no exact current destination,none,none,"No exact current route, catalog row, or reconciled capability route implements this prototype URL."
#/company/kb,company,kb,Knowledge base,24,SemesterOSHome.jsx#OsxKb,Prototype only,P9,app/src/screens/Console.tsx; app/src/components/console/,none,no exact current destination,none,none,"No exact current route, catalog row, or reconciled capability route implements this prototype URL."
#/company/payouts,company,payouts,Partner payouts,24,SemesterOSHome.jsx#OsxPayouts,Prototype only,P9,app/src/screens/Console.tsx; app/src/components/console/,none,no exact current destination,none,none,"No exact current route, catalog row, or reconciled capability route implements this prototype URL."
#/company/risk,company,risk,Matching and anomalies,24,SemesterOSHome.jsx#OsxRiskOps,Prototype only,P9,app/src/screens/Console.tsx; app/src/components/console/,none,no exact current destination,none,none,"No exact current route, catalog row, or reconciled capability route implements this prototype URL."
#/operations/home,operations,home,Command center,11,CompanyOps.jsx#OHome,Existing but incomplete,P3,app/src/screens/Console.tsx; app/src/lib/console/; supabase/migrations/,none,no exact current destination,none,ops.command,Capability register match: ops.command. The archive URL remains a prototype alias.
#/operations/incidents,operations,incidents,Incidents,11,CompanyOps.jsx#OIncidents,Existing but incomplete,P3,app/src/screens/Console.tsx; app/src/lib/console/,none,no exact current destination,N-067:partial,none,"An exact normalized catalog label has current exists/partial evidence, but not proof for the archive URL and full prototype behavior."
#/operations/releases,operations,releases,Releases,11,CompanyOps.jsx#OReleases,Prototype only,P3,app/src/screens/Console.tsx; app/src/lib/console/,none,no exact current destination,none,none,"No exact current route, catalog row, or reconciled capability route implements this prototype URL."
#/operations/access,operations,access,Access,11,CompanyOps.jsx#OAccess,Prototype only,P3,app/src/screens/Console.tsx; app/src/lib/console/,none,no exact current destination,none,none,"No exact current route, catalog row, or reconciled capability route implements this prototype URL."
#/operations/privacy,operations,privacy,Privacy requests,11,CompanyOps.jsx#OPrivacy,Existing but incomplete,P3,app/src/screens/Console.tsx; app/src/lib/console/,none,no exact current destination,K-030:partial,none,"An exact normalized catalog label has current exists/partial evidence, but not proof for the archive URL and full prototype behavior."
#/operations/deadletters,operations,deadletters,Dead letters,11,CompanyOps.jsx#ODead,Prototype only,P3,app/src/screens/Console.tsx; app/src/lib/console/,none,no exact current destination,none,none,"No exact current route, catalog row, or reconciled capability route implements this prototype URL."
#/operations/architecture,operations,architecture,Architecture,18,Gaps.jsx#Architecture,Prototype only,P3,app/src/screens/Console.tsx; app/src/lib/console/,none,no exact current destination,none,none,"No exact current route, catalog row, or reconciled capability route implements this prototype URL."
#/operations/lti,operations,lti,LTI launch checks,05,LTI.jsx#LtiLaunch,Prototype only,P3,app/src/screens/Console.tsx; app/src/lib/console/,none,no exact current destination,none,none,"No exact current route, catalog row, or reconciled capability route implements this prototype URL."
#/operations/ltiseq,operations,ltiseq,LTI sequence,05,LTISequence.jsx#LtiSequence,Prototype only,P3,app/src/screens/Console.tsx; app/src/lib/console/,none,no exact current destination,none,none,"No exact current route, catalog row, or reconciled capability route implements this prototype URL."
#/operations/lticompliance,operations,lticompliance,LTI audit,05,LTICompliance.jsx#LtiCompliance,Prototype only,P3,app/src/screens/Console.tsx; app/src/lib/console/,none,no exact current destination,none,none,"No exact current route, catalog row, or reconciled capability route implements this prototype URL."
#/operations/ltitrace,operations,ltitrace,Launch trace,05,LTITrace.jsx#LtiTrace,Prototype only,P3,app/src/screens/Console.tsx; app/src/lib/console/,none,no exact current destination,none,none,"No exact current route, catalog row, or reconciled capability route implements this prototype URL."
#/operations/jwt,operations,jwt,JWT inspector,22,JwtInspector.jsx#JwtAndAgs,Prototype only,P3,app/src/screens/Console.tsx; app/src/lib/console/,none,no exact current destination,none,none,"No exact current route, catalog row, or reconciled capability route implements this prototype URL."
#/operations/notify,operations,notify,Notification hub,24,SemesterOSHome.jsx#OsxNotify,Prototype only,P3,app/src/screens/Console.tsx; app/src/lib/console/,none,no exact current destination,none,none,"No exact current route, catalog row, or reconciled capability route implements this prototype URL."
#/operations/feeddelivery,operations,feeddelivery,Feed delivery,20,FeedDelivery.jsx#FdxDelivery,Prototype only,P3,app/src/screens/Console.tsx; app/src/lib/console/,none,no exact current destination,none,none,"No exact current route, catalog row, or reconciled capability route implements this prototype URL."
#/operations/presence,operations,presence,Presence reliability,23,OpsReliability.jsx#OprPresence,Prototype only,P3,app/src/screens/Console.tsx; app/src/lib/console/,none,no exact current destination,none,none,"No exact current route, catalog row, or reconciled capability route implements this prototype URL."
#/operations/migrations,operations,migrations,Migration runner,23,OpsReliability.jsx#OprMigrate,Prototype only,P3,app/src/screens/Console.tsx; app/src/lib/console/,none,no exact current destination,none,none,"No exact current route, catalog row, or reconciled capability route implements this prototype URL."
#/operations/guards,operations,guards,Route guards,23,OpsReliability.jsx#OprGuards,Prototype only,P3,app/src/screens/Console.tsx; app/src/lib/console/,none,no exact current destination,none,none,"No exact current route, catalog row, or reconciled capability route implements this prototype URL."
#/os/home,os,home,All products,24,SemesterOSHome.jsx#OsxHome,Documentation or roadmap only,P10,docs/master/REPO_AUDIT.md; docs/master/SEMESTER_EXECUTION_ROADMAP.md,none,no exact current destination,none,none,"This architecture, mock-API, or test-harness view is reference material rather than an authorized product route."
#/os/blueprint,os,blueprint,Architecture blueprint,24,Blueprint.jsx#OsBlueprint,Documentation or roadmap only,P10,docs/master/REPO_AUDIT.md; docs/master/SEMESTER_EXECUTION_ROADMAP.md,none,no exact current destination,none,none,"This architecture, mock-API, or test-harness view is reference material rather than an authorized product route."
#/os/onboard,os,onboard,Role onboarding,24,Transition.jsx#TrxOnboard,Documentation or roadmap only,P10,docs/master/REPO_AUDIT.md; docs/master/SEMESTER_EXECUTION_ROADMAP.md,none,no exact current destination,none,none,"This architecture, mock-API, or test-harness view is reference material rather than an authorized product route."
#/os/transition,os,transition,Company transition,24,Transition.jsx#TrxTransition,Documentation or roadmap only,P10,docs/master/REPO_AUDIT.md; docs/master/SEMESTER_EXECUTION_ROADMAP.md,none,no exact current destination,none,none,"This architecture, mock-API, or test-harness view is reference material rather than an authorized product route."
#/os/system,os,system,End-to-end blueprint,24,EndToEnd.jsx#E2xSystem,Documentation or roadmap only,P10,docs/master/REPO_AUDIT.md; docs/master/SEMESTER_EXECUTION_ROADMAP.md,none,no exact current destination,none,none,"This architecture, mock-API, or test-harness view is reference material rather than an authorized product route."
#/os/signin,os,signin,Sign in and roles,24,EndToEnd.jsx#E2xSignin,Documentation or roadmap only,P10,docs/master/REPO_AUDIT.md; docs/master/SEMESTER_EXECUTION_ROADMAP.md,none,no exact current destination,none,none,"This architecture, mock-API, or test-harness view is reference material rather than an authorized product route."
#/os/flows,os,flows,Demo flows,24,Controls.jsx#CtxFlows,Documentation or roadmap only,P10,docs/master/REPO_AUDIT.md; docs/master/SEMESTER_EXECUTION_ROADMAP.md,none,no exact current destination,none,none,"This architecture, mock-API, or test-harness view is reference material rather than an authorized product route."
#/os/matrix,os,matrix,Academic records matrix,19,RecordsFlow.jsx#RfxMatrix,Documentation or roadmap only,P10,docs/master/REPO_AUDIT.md; docs/master/SEMESTER_EXECUTION_ROADMAP.md,none,no exact current destination,none,none,"This architecture, mock-API, or test-harness view is reference material rather than an authorized product route."
#/success/risk,success,risk,Early alerts,24,SemesterOSHome.jsx#OsxRisk,Prototype only,P7,app/src/components/HelpInbox.tsx; app/src/components/institutional/,none,no exact current destination,none,none,"No exact current route, catalog row, or reconciled capability route implements this prototype URL."
#/success/campaigns,success,campaigns,Outreach,24,SemesterOSHome.jsx#OsxCampaigns,Prototype only,P7,app/src/components/HelpInbox.tsx; app/src/components/institutional/,none,no exact current destination,none,none,"No exact current route, catalog row, or reconciled capability route implements this prototype URL."
#/success/timeline,success,timeline,Service timeline,24,SemesterOSHome.jsx#OsxTimeline,Prototype only,P7,app/src/components/HelpInbox.tsx; app/src/components/institutional/,none,no exact current destination,none,none,"No exact current route, catalog row, or reconciled capability route implements this prototype URL."
#/success/cohorts,success,cohorts,Cohort programs,24,SemesterOSHome.jsx#OsxCohorts,Prototype only,P7,app/src/components/HelpInbox.tsx; app/src/components/institutional/,none,no exact current destination,none,none,"No exact current route, catalog row, or reconciled capability route implements this prototype URL."
#/executive/overview,executive,overview,Overview,24,SemesterOSHome.jsx#OsxExec,Prototype only,P6,app/src/screens/Console.tsx; app/src/components/institutional/,none,no exact current destination,none,none,"No exact current route, catalog row, or reconciled capability route implements this prototype URL."
#/executive/forecast,executive,forecast,Forecast,24,SemesterOSHome.jsx#OsxForecast,Prototype only,P6,app/src/screens/Console.tsx; app/src/components/institutional/,none,no exact current destination,none,none,"No exact current route, catalog row, or reconciled capability route implements this prototype URL."
#/executive/board,executive,board,Board narrative,24,SemesterOSHome.jsx#OsxBoard,Prototype only,P6,app/src/screens/Console.tsx; app/src/components/institutional/,none,no exact current destination,none,none,"No exact current route, catalog row, or reconciled capability route implements this prototype URL."
#/executive/retention,executive,retention,Retention,24,DepthB.jsx#DpbExecRetention,Existing but incomplete,P6,app/src/screens/Console.tsx; app/src/components/institutional/,none,no exact current destination,N-062:partial,none,"An exact normalized catalog label has current exists/partial evidence, but not proof for the archive URL and full prototype behavior."
#/clubs/home,clubs,home,My organization,24,Transition.jsx#TrxClubHome,Prototype only,P7,app/src/screens/Community.tsx; app/src/components/community/,none,no exact current destination,none,none,"No exact current route, catalog row, or reconciled capability route implements this prototype URL."
#/clubs/roster,clubs,roster,Roster and officers,24,DepthB.jsx#DpbClubRoster,Prototype only,P7,app/src/screens/Community.tsx; app/src/components/community/,none,no exact current destination,none,none,"No exact current route, catalog row, or reconciled capability route implements this prototype URL."
#/clubs/events,clubs,events,Event check-in,24,DepthB.jsx#DpbClubEvents,Prototype only,P7,app/src/screens/Community.tsx; app/src/components/community/,none,no exact current destination,none,none,"No exact current route, catalog row, or reconciled capability route implements this prototype URL."
#/clubs/budget,clubs,budget,Club budget,24,DepthB.jsx#DpbClubBudget,Prototype only,P7,app/src/screens/Community.tsx; app/src/components/community/,none,no exact current destination,none,none,"No exact current route, catalog row, or reconciled capability route implements this prototype URL."
#/social/home,social,home,Home,20,SocialDesktop.jsx#SdxHome,Prototype only,P7,app/src/screens/Community.tsx; app/src/components/community/,none,no exact current destination,none,none,"No exact current route, catalog row, or reconciled capability route implements this prototype URL."
#/social/compose,social,compose,Create,20,SocialDesktop.jsx#SdxCompose,Prototype only,P7,app/src/screens/Community.tsx; app/src/components/community/,none,no exact current destination,none,none,"No exact current route, catalog row, or reconciled capability route implements this prototype URL."
#/social/video,social,video,Video feed,20,SocialDesktop.jsx#SdxVideo,Prototype only,P7,app/src/screens/Community.tsx; app/src/components/community/,none,no exact current destination,none,none,"No exact current route, catalog row, or reconciled capability route implements this prototype URL."
#/social/thread,social,thread,Thread,20,SocialDesktop.jsx#SdxThread,Prototype only,P7,app/src/screens/Community.tsx; app/src/components/community/,none,no exact current destination,none,none,"No exact current route, catalog row, or reconciled capability route implements this prototype URL."
#/social/profile,social,profile,Profile,20,SocialDesktop.jsx#SdxProfile,Existing but incomplete,P7,app/src/screens/Community.tsx; app/src/components/community/,none,no exact current destination,B-064:exists,none,"An exact normalized catalog label has current exists/partial evidence, but not proof for the archive URL and full prototype behavior."
#/social/project,social,project,Project,20,SocialDesktop.jsx#SdxProject,Prototype only,P7,app/src/screens/Community.tsx; app/src/components/community/,none,no exact current destination,none,none,"No exact current route, catalog row, or reconciled capability route implements this prototype URL."
#/social/reels,social,reels,Scroll feed,20,SocialVideo.jsx#SvxFeed,Prototype only,P7,app/src/screens/Community.tsx; app/src/components/community/,none,no exact current destination,none,none,"No exact current route, catalog row, or reconciled capability route implements this prototype URL."
#/social/comments,social,comments,Comment tree,20,SocialVideo.jsx#SvxThread,Prototype only,P7,app/src/screens/Community.tsx; app/src/components/community/,none,no exact current destination,none,none,"No exact current route, catalog row, or reconciled capability route implements this prototype URL."
#/social/studio,social,studio,Connected prototype,20,SocialConnected.jsx#CnxStudio,Prototype only,P7,app/src/screens/Community.tsx; app/src/components/community/,none,no exact current destination,none,none,"No exact current route, catalog row, or reconciled capability route implements this prototype URL."
#/social/accounts,social,accounts,Accounts (mock API),22,CloudAccounts.jsx#ClxAccounts,Documentation or roadmap only,P7,app/src/screens/Community.tsx; app/src/components/community/,none,no exact current destination,none,none,"This architecture, mock-API, or test-harness view is reference material rather than an authorized product route."
#/social/tests,social,tests,Test runner,22,TestsContract.jsx#TrnRunner,Documentation or roadmap only,P7,app/src/screens/Community.tsx; app/src/components/community/,none,no exact current destination,none,none,"This architecture, mock-API, or test-harness view is reference material rather than an authorized product route."
#/social/outbox,social,outbox,Mixed feed + outbox,20,Outbox.jsx#ObxFeed,Prototype only,P7,app/src/screens/Community.tsx; app/src/components/community/,none,no exact current destination,none,none,"No exact current route, catalog row, or reconciled capability route implements this prototype URL."
#/social/analytics,social,analytics,Analytics and approvals,20,FeedAnalytics.jsx#AnxDash,Prototype only,P7,app/src/screens/Community.tsx; app/src/components/community/,none,no exact current destination,none,none,"No exact current route, catalog row, or reconciled capability route implements this prototype URL."
#/studio/home,studio,home,Studio home,21,StudioA.jsx#StaHome,Prototype only,P5,app/src/screens/Work.tsx; app/src/screens/Write.tsx,none,no exact current destination,none,none,"No exact current route, catalog row, or reconciled capability route implements this prototype URL."
#/studio/files,studio,files,My Work,21,StudioA.jsx#StaFiles,Prototype only,P5,app/src/screens/Work.tsx; app/src/screens/Write.tsx,none,no exact current destination,N-003:missing,none,"No exact current route, catalog row, or reconciled capability route implements this prototype URL."
#/studio/make,studio,make,Make,21,StudioA.jsx#StaMake,Prototype only,P5,app/src/screens/Work.tsx; app/src/screens/Write.tsx,none,no exact current destination,none,none,"No exact current route, catalog row, or reconciled capability route implements this prototype URL."
#/studio/assignment,studio,assignment,Assignment workspace,21,StudioA.jsx#StaAssignment,Prototype only,P5,app/src/screens/Work.tsx; app/src/screens/Write.tsx,none,no exact current destination,none,none,"No exact current route, catalog row, or reconciled capability route implements this prototype URL."
#/studio/research,studio,research,Research Studio,21,StudioB.jsx#StbResearch,Prototype only,P5,app/src/screens/Work.tsx; app/src/screens/Write.tsx,none,no exact current destination,none,none,"No exact current route, catalog row, or reconciled capability route implements this prototype URL."
#/studio/calendar,studio,calendar,Calendar,21,StudioB.jsx#StbCalendar,Existing but incomplete,P5,app/src/screens/Work.tsx; app/src/screens/Write.tsx,none,no exact current destination,B-004:exists,none,"An exact normalized catalog label has current exists/partial evidence, but not proof for the archive URL and full prototype behavior."
#/studio/assistant,studio,assistant,Executive Assistant,21,StudioB.jsx#StbAssistant,Prototype only,P5,app/src/screens/Work.tsx; app/src/screens/Write.tsx,none,no exact current destination,none,none,"No exact current route, catalog row, or reconciled capability route implements this prototype URL."
#/studio/intelligence,studio,intelligence,Intelligence,21,StudioB.jsx#StbIntel,Prototype only,P5,app/src/screens/Work.tsx; app/src/screens/Write.tsx,none,no exact current destination,none,none,"No exact current route, catalog row, or reconciled capability route implements this prototype URL."
#/studio/policy,studio,policy,AI Policy Center,21,StudioB.jsx#StbPolicy,Prototype only,P5,app/src/screens/Work.tsx; app/src/screens/Write.tsx,none,no exact current destination,none,none,"No exact current route, catalog row, or reconciled capability route implements this prototype URL."
#/studio/course,studio,course,ECON 201 folders,21,StudioC.jsx#StcCourse,Prototype only,P5,app/src/screens/Work.tsx; app/src/screens/Write.tsx,none,no exact current destination,none,none,"No exact current route, catalog row, or reconciled capability route implements this prototype URL."
#/studio/doc,studio,doc,Document,21,StudioC.jsx#StcDoc,Prototype only,P5,app/src/screens/Work.tsx; app/src/screens/Write.tsx,none,no exact current destination,none,none,"No exact current route, catalog row, or reconciled capability route implements this prototype URL."
#/studio/sheet,studio,sheet,Spreadsheet,21,StudioC.jsx#StcSheet,Prototype only,P5,app/src/screens/Work.tsx; app/src/screens/Write.tsx,none,no exact current destination,none,none,"No exact current route, catalog row, or reconciled capability route implements this prototype URL."
#/studio/slides,studio,slides,Presentation,21,StudioC.jsx#StcSlides,Prototype only,P5,app/src/screens/Work.tsx; app/src/screens/Write.tsx,none,no exact current destination,none,none,"No exact current route, catalog row, or reconciled capability route implements this prototype URL."
#/studio/share,studio,share,Share panel,21,StudioC.jsx#StcShare,Prototype only,P5,app/src/screens/Work.tsx; app/src/screens/Write.tsx,none,no exact current destination,none,none,"No exact current route, catalog row, or reconciled capability route implements this prototype URL."
#/studio/ask,studio,ask,Assistant request gate,21,StudioC.jsx#StcAsk,Prototype only,P5,app/src/screens/Work.tsx; app/src/screens/Write.tsx,none,no exact current destination,none,none,"No exact current route, catalog row, or reconciled capability route implements this prototype URL."
#/studio/sync,studio,sync,Offline sync,21,StudioD.jsx#StdSync,Prototype only,P5,app/src/screens/Work.tsx; app/src/screens/Write.tsx,none,no exact current destination,none,none,"No exact current route, catalog row, or reconciled capability route implements this prototype URL."
#/studio/branches,studio,branches,Versions and branches,21,StudioD.jsx#StdBranches,Prototype only,P5,app/src/screens/Work.tsx; app/src/screens/Write.tsx,none,no exact current destination,none,none,"No exact current route, catalog row, or reconciled capability route implements this prototype URL."
#/studio/math,studio,math,Math canvas,21,StudioD.jsx#StdMath,Prototype only,P5,app/src/screens/Work.tsx; app/src/screens/Write.tsx,none,no exact current destination,none,none,"No exact current route, catalog row, or reconciled capability route implements this prototype URL."
#/studio/session,studio,session,Live session,21,StudioE.jsx#SteSession,Prototype only,P5,app/src/screens/Work.tsx; app/src/screens/Write.tsx,none,no exact current destination,none,none,"No exact current route, catalog row, or reconciled capability route implements this prototype URL."
#/studio/grading,studio,grading,Grading stream,21,StudioE.jsx#SteGrading,Prototype only,P5,app/src/screens/Work.tsx; app/src/screens/Write.tsx,none,no exact current destination,none,none,"No exact current route, catalog row, or reconciled capability route implements this prototype URL."
#/studio/export,studio,export,Citations and export,21,StudioE.jsx#SteExport,Prototype only,P5,app/src/screens/Work.tsx; app/src/screens/Write.tsx,none,no exact current destination,none,none,"No exact current route, catalog row, or reconciled capability route implements this prototype URL."
#/studio/tutor,studio,tutor,Learning Tutor,21,IntelRoles.jsx#SixTutor,Prototype only,P5,app/src/screens/Work.tsx; app/src/screens/Write.tsx,none,no exact current destination,none,none,"No exact current route, catalog row, or reconciled capability route implements this prototype URL."
#/studio/vectors,studio,vectors,State vectors,21,IntelRoles.jsx#SixVectors,Prototype only,P5,app/src/screens/Work.tsx; app/src/screens/Write.tsx,none,no exact current destination,none,none,"No exact current route, catalog row, or reconciled capability route implements this prototype URL."
#/studio/buildqueue,studio,buildqueue,Export queue,21,StudioF.jsx#StfBuild,Prototype only,P5,app/src/screens/Work.tsx; app/src/screens/Write.tsx,none,no exact current destination,none,none,"No exact current route, catalog row, or reconciled capability route implements this prototype URL."
#/studio/gateways,studio,gateways,Sync gateways,21,StudioF.jsx#StfGateways,Prototype only,P5,app/src/screens/Work.tsx; app/src/screens/Write.tsx,none,no exact current destination,none,none,"No exact current route, catalog row, or reconciled capability route implements this prototype URL."
#/studio/worker,studio,worker,Worker,21,StudioF.jsx#StfWorker,Prototype only,P5,app/src/screens/Work.tsx; app/src/screens/Write.tsx,none,no exact current destination,none,none,"No exact current route, catalog row, or reconciled capability route implements this prototype URL."
#/studio/peers,studio,peers,Peer and Friend,21,StudioF.jsx#StfPeers,Prototype only,P5,app/src/screens/Work.tsx; app/src/screens/Write.tsx,none,no exact current destination,none,none,"No exact current route, catalog row, or reconciled capability route implements this prototype URL."
#/studio/recovery,studio,recovery,Recovery simulator,21,StudioG.jsx#StgSim,Prototype only,P5,app/src/screens/Work.tsx; app/src/screens/Write.tsx,none,no exact current destination,none,none,"No exact current route, catalog row, or reconciled capability route implements this prototype URL."
#/studio/litreview,studio,litreview,Literature review,21,StudioG.jsx#StgLit,Prototype only,P5,app/src/screens/Work.tsx; app/src/screens/Write.tsx,none,no exact current destination,none,none,"No exact current route, catalog row, or reconciled capability route implements this prototype URL."
#/studio/presence,studio,presence,Presence audit,21,StudioH.jsx#SthAudit,Prototype only,P5,app/src/screens/Work.tsx; app/src/screens/Write.tsx,none,no exact current destination,none,none,"No exact current route, catalog row, or reconciled capability route implements this prototype URL."
#/studio/tools,studio,tools,All tools,21,StudioH.jsx#SthTools,Prototype only,P5,app/src/screens/Work.tsx; app/src/screens/Write.tsx,none,no exact current destination,none,none,"No exact current route, catalog row, or reconciled capability route implements this prototype URL."
