"row_origin","handoff_workspace","handoff_label","handoff_route","route_relation","rendered_workspace","rendered_label","rendered_route","handoff_to_rendered_label_mode","rendered_label_candidates","catalog_source_label","catalog_label_match_mode","catalog_label_candidates","catalog_groups","crosswalk_status"
"handoff","public","Home","#/public/home","exact","public","Home","#/public/home","exact_ambiguous","#/public/home | #/social/home | #/business/home","Home","missing","","","cross_source_exact_match"
"handoff","public","Pilot","#/public/pilot","exact","public","Pilot","#/public/pilot","exact_unique","#/public/pilot","Pilot","missing","","","cross_source_exact_match"
"handoff","public","Trust","#/public/trust","exact","public","Trust","#/public/trust","exact_unique","#/public/trust","Trust","missing","","","cross_source_exact_match"
"handoff","public","Sign up","#/public/signup","exact","public","Sign up","#/public/signup","exact_unique","#/public/signup","Sign up","exact_unique","Sign up [A · Public company, sales & marketing site]","A · Public company, sales & marketing site","cross_source_exact_match"
"handoff","public","Solutions","#/public/solutions","exact","public","Solutions","#/public/solutions","exact_unique","#/public/solutions","Solutions","missing","","","cross_source_exact_match"
"handoff","public","Pricing","#/public/pricing","exact","public","Pricing","#/public/pricing","exact_unique","#/public/pricing","Pricing","missing","","","cross_source_exact_match"
"handoff","public","Resources","#/public/resources","exact","public","Resources","#/public/resources","exact_unique","#/public/resources","Resources","missing","","","cross_source_exact_match"
"handoff","public","Recover account","#/public/recover","exact","public","Recover account","#/public/recover","exact_unique","#/public/recover","Recover account","missing","","","cross_source_exact_match"
"handoff","applicant","Application","#/applicant/application","exact","applicant","Application","#/applicant/application","exact_unique","#/applicant/application","Application","missing","","","cross_source_exact_match"
"handoff","applicant","Getting to day one","#/applicant/onboarding","exact","applicant","Getting to day one","#/applicant/onboarding","exact_unique","#/applicant/onboarding","Getting to day one","missing","","","cross_source_exact_match"
"handoff","applicant","Admitted checklist","#/applicant/admitted","exact","applicant","Admitted checklist","#/applicant/admitted","exact_unique","#/applicant/admitted","Admitted checklist","missing","","","cross_source_exact_match"
"handoff","applicant","Status and documents","#/applicant/status","exact","applicant","Status and documents","#/applicant/status","exact_unique","#/applicant/status","Status and documents","missing","","","cross_source_exact_match"
"handoff","student","Today","#/student/today","exact","student","Today","#/student/today","exact_unique","#/student/today","Today","exact_unique","Today [B · Student OS]","B · Student OS","cross_source_exact_match"
"handoff","student","Courses","#/student/courses","exact","student","Courses","#/student/courses","exact_unique","#/student/courses","Courses","exact_unique","Courses [B · Student OS]","B · Student OS","cross_source_exact_match"
"handoff","student","Assignments","#/student/assignments","exact","student","Assignments","#/student/assignments","exact_unique","#/student/assignments","Assignments","exact_unique","Assignments [C · Faculty & Course Studio]","C · Faculty & Course Studio","cross_source_exact_match"
"handoff","student","Assignment Studio","#/student/coursework","exact","student","Assignment Studio","#/student/coursework","exact_unique","#/student/coursework","Assignment Studio","missing","","","cross_source_exact_match"
"handoff","student","Quiz 4 (live)","#/student/quiz","exact","student","Quiz 4 (live)","#/student/quiz","exact_unique","#/student/quiz","Quiz 4 (live)","missing","","","cross_source_exact_match"
"handoff","student","Feedback","#/student/feedback","exact","student","Feedback","#/student/feedback","exact_unique","#/student/feedback","Feedback","missing","","","cross_source_exact_match"
"handoff","student","Grades","#/student/grades","exact","student","Grades","#/student/grades","exact_unique","#/student/grades","Grades","missing","","","cross_source_exact_match"
"handoff","student","Registration","#/student/registration","exact","student","Registration","#/student/registration","exact_unique","#/student/registration","Registration","missing","","","cross_source_exact_match"
"handoff","student","Advising","#/student/advising","exact","student","Advising","#/student/advising","exact_unique","#/student/advising","Advising","missing","","","cross_source_exact_match"
"handoff","student","Messages","#/student/messages","exact","student","Messages","#/student/messages","exact_unique","#/student/messages","Messages","missing","","","cross_source_exact_match"
"handoff","student","Money","#/student/account","exact","student","Money","#/student/account","exact_unique","#/student/account","Money","missing","","","cross_source_exact_match"
"handoff","student","Study studio","#/student/study","exact","student","Study studio","#/student/study","exact_unique","#/student/study","Study studio","missing","","","cross_source_exact_match"
"handoff","student","Work on it","#/student/toolkit","exact","student","Work on it","#/student/toolkit","exact_unique","#/student/toolkit","Work on it","missing","","","cross_source_exact_match"
"handoff","student","Teach it back","#/student/teach","exact","student","Teach it back","#/student/teach","exact_unique","#/student/teach","Teach it back","missing","","","cross_source_exact_match"
"handoff","student","Briefing","#/student/briefing","exact","student","Briefing","#/student/briefing","exact_unique","#/student/briefing","Briefing","missing","","","cross_source_exact_match"
"handoff","student","Ask Semester","#/student/ai","exact","student","Ask Semester","#/student/ai","exact_unique","#/student/ai","Ask Semester","missing","","","cross_source_exact_match"
"handoff","student","Recommendation","#/student/recommendation","exact","student","Recommendation","#/student/recommendation","exact_unique","#/student/recommendation","Recommendation","missing","","","cross_source_exact_match"
"handoff","student","Action center","#/student/actions","exact","student","Action center","#/student/actions","exact_unique","#/student/actions","Action center","normalized_unique","Action Center [B · Student OS]","B · Student OS","cross_source_exact_match"
"handoff","student","Search","#/student/search","exact","student","Search","#/student/search","exact_unique","#/student/search","Search","exact_unique","Search [B · Student OS]","B · Student OS","cross_source_exact_match"
"handoff","student","Launchpad","#/student/launchpad","exact","student","Launchpad","#/student/launchpad","exact_unique","#/student/launchpad","Launchpad","missing","","","cross_source_exact_match"
"handoff","student","Calendar","#/student/calendar","exact","student","Calendar","#/student/calendar","exact_ambiguous","#/student/calendar | #/studio/calendar","Calendar","exact_unique","Calendar [B · Student OS]","B · Student OS","cross_source_exact_match"
"handoff","student","The degree","#/student/degree","exact","student","The degree","#/student/degree","exact_unique","#/student/degree","The degree","missing","","","cross_source_exact_match"
"handoff","student","Class search and cart","#/student/register","exact","student","Class search and cart","#/student/register","exact_unique","#/student/register","Class search and cart","missing","","","cross_source_exact_match"
"handoff","student","Tuition and aid","#/student/bill","exact","student","Tuition and aid","#/student/bill","exact_unique","#/student/bill","Tuition and aid","missing","","","cross_source_exact_match"
"handoff","student","Campus marketplace","#/student/opportunities","exact","student","Campus marketplace","#/student/opportunities","exact_unique","#/student/opportunities","Campus marketplace","missing","","","canonical_exclusion_D-1287"
"handoff","student","Study abroad","#/student/abroad","exact","student","Study abroad","#/student/abroad","exact_unique","#/student/abroad","Study abroad","missing","","","cross_source_exact_match"
"handoff","student","Clubs","#/student/clubs","exact","student","Clubs","#/student/clubs","exact_unique","#/student/clubs","Clubs","missing","","","cross_source_exact_match"
"handoff","student","Buy and sell","#/student/market","exact","student","Buy and sell","#/student/market","exact_unique","#/student/market","Buy and sell","missing","","","canonical_exclusion_D-1287"
"handoff","student","Housing","#/student/housing","exact","student","Housing","#/student/housing","exact_unique","#/student/housing","Housing","exact_unique","Housing [B · Student OS]","B · Student OS","cross_source_exact_match"
"handoff","student","Housing application","#/student/housingportal","exact","student","Housing application","#/student/housingportal","exact_unique","#/student/housingportal","Housing application","missing","","","cross_source_exact_match"
"handoff","student","Meal plan","#/student/dining","exact","student","Meal plan","#/student/dining","exact_unique","#/student/dining","Meal plan","exact_unique","Meal plan [G · Campus life]","G · Campus life","cross_source_exact_match"
"handoff","student","Family sharing","#/student/family","exact","student","Family sharing","#/student/family","exact_ambiguous","#/student/family | #/student/familyconsent","Family sharing","exact_unique","Family sharing [B · Student OS]","B · Student OS","cross_source_exact_match"
"handoff","student","Write","#/student/write","exact","student","Write","#/student/write","exact_unique","#/student/write","Write","missing","","","cross_source_exact_match"
"handoff","student","Solve","#/student/solve","exact","student","Solve","#/student/solve","exact_unique","#/student/solve","Solve","missing","","","cross_source_exact_match"
"handoff","student","Sources","#/student/sources","exact","student","Sources","#/student/sources","exact_unique","#/student/sources","Sources","missing","","","cross_source_exact_match"
"handoff","student","Classmates","#/student/community","exact","student","Classmates","#/student/community","exact_unique","#/student/community","Classmates","missing","","","cross_source_exact_match"
"handoff","student","Groupwork","#/student/groupwork","exact","student","Groupwork","#/student/groupwork","exact_unique","#/student/groupwork","Groupwork","missing","","","cross_source_exact_match"
"handoff","student","Maps","#/student/maps","exact","student","Maps","#/student/maps","exact_unique","#/student/maps","Maps","missing","","","cross_source_exact_match"
"handoff","student","Activities","#/student/activities","exact","student","Activities","#/student/activities","exact_unique","#/student/activities","Activities","missing","","","cross_source_exact_match"
"handoff","student","Get help","#/student/help","exact","student","Get help","#/student/help","exact_unique","#/student/help","Get help","missing","","","cross_source_exact_match"
"handoff","student","Back on track","#/student/recovery","exact","student","Back on track","#/student/recovery","exact_unique","#/student/recovery","Back on track","missing","","","cross_source_exact_match"
"handoff","student","Career","#/student/career","exact","student","Career","#/student/career","exact_unique","#/student/career","Career","exact_unique","Career [B · Student OS]","B · Student OS","cross_source_exact_match"
"handoff","student","Me","#/student/me","exact","student","Me","#/student/me","exact_unique","#/student/me","Me","missing","","","cross_source_exact_match"
"handoff","student","Profile and portfolio","#/student/profile","exact","student","Profile and portfolio","#/student/profile","exact_unique","#/student/profile","Profile and portfolio","missing","","","cross_source_exact_match"
"handoff","student","Membership","#/student/plan","exact","student","Membership","#/student/plan","exact_unique","#/student/plan","Membership","exact_unique","Membership [G · Campus life]","G · Campus life","cross_source_exact_match"
"handoff","student","Privacy","#/student/privacy","exact","student","Privacy","#/student/privacy","exact_unique","#/student/privacy","Privacy","exact_ambiguous","Privacy [A · Public company, sales & marketing site] | Privacy [N · Operations Command Center (/ops)]","A · Public company, sales & marketing site | N · Operations Command Center (/ops)","cross_source_exact_match"
"handoff","student","Trust room","#/student/trustroom","exact","student","Trust room","#/student/trustroom","exact_unique","#/student/trustroom","Trust room","exact_unique","Trust room [N · Operations Command Center (/ops)]","N · Operations Command Center (/ops)","cross_source_exact_match"
"handoff","student","What’s new","#/student/changes","exact","student","What’s new","#/student/changes","exact_unique","#/student/changes","What’s new","missing","","","cross_source_exact_match"
"handoff","student","Everything","#/student/everything","exact","student","Everything","#/student/everything","exact_unique","#/student/everything","Everything","missing","","","cross_source_exact_match"
"handoff","student","Network","#/student/network","exact","student","Network","#/student/network","exact_unique","#/student/network","Network","missing","","","cross_source_exact_match"
"handoff","student","Gradebook","#/student/gradebook","exact","student","Gradebook","#/student/gradebook","exact_ambiguous","#/student/gradebook | #/faculty/gradebook","Gradebook","exact_unique","Gradebook [C · Faculty & Course Studio]","C · Faculty & Course Studio","cross_source_exact_match"
"handoff","student","Transcript","#/student/transcript","exact","student","Transcript","#/student/transcript","exact_ambiguous","#/student/transcript | #/alumni/transcript","Transcript","missing","","","cross_source_exact_match"
"handoff","student","Notifications","#/student/notifications","exact","student","Notifications","#/student/notifications","exact_unique","#/student/notifications","Notifications","exact_unique","Notifications [B · Student OS]","B · Student OS","cross_source_exact_match"
"handoff","student","Feed","#/student/feed","exact","student","Feed","#/student/feed","exact_unique","#/student/feed","Feed","missing","","","cross_source_exact_match"
"handoff","student","My social profile","#/student/me-social","exact","student","My social profile","#/student/me-social","exact_unique","#/student/me-social","My social profile","missing","","","cross_source_exact_match"
"handoff","student","Social privacy","#/student/social-privacy","exact","student","Social privacy","#/student/social-privacy","exact_unique","#/student/social-privacy","Social privacy","missing","","","cross_source_exact_match"
"handoff","student","First login","#/student/firstrun","exact","student","First login","#/student/firstrun","exact_unique","#/student/firstrun","First login","missing","","","cross_source_exact_match"
"handoff","student","What-if path","#/student/scenario","exact","student","What-if path","#/student/scenario","exact_unique","#/student/scenario","What-if path","missing","","","cross_source_exact_match"
"handoff","student","Course advisor","#/student/advise","exact","student","Course advisor","#/student/advise","exact_unique","#/student/advise","Course advisor","missing","","","cross_source_exact_match"
"handoff","student","Plan registration","#/student/regplan","exact","student","Plan registration","#/student/regplan","exact_unique","#/student/regplan","Plan registration","missing","","","cross_source_exact_match"
"handoff","student","Explore majors","#/student/majors","exact","student","Explore majors","#/student/majors","exact_unique","#/student/majors","Explore majors","missing","","","cross_source_exact_match"
"handoff","student","Executive Advisor","#/student/nextsteps","exact","student","Executive Advisor","#/student/nextsteps","exact_unique","#/student/nextsteps","Executive Advisor","missing","","","cross_source_exact_match"
"handoff","faculty","Teaching home","#/faculty/home","exact","faculty","Teaching home","#/faculty/home","exact_unique","#/faculty/home","Teaching home","missing","","","cross_source_exact_match"
"handoff","faculty","Course studio","#/faculty/course","exact","faculty","Course studio","#/faculty/course","exact_unique","#/faculty/course","Course studio","normalized_unique","Course Studio [B · Student OS]","B · Student OS","cross_source_exact_match"
"handoff","faculty","Roster","#/faculty/roster","exact","faculty","Roster","#/faculty/roster","exact_unique","#/faculty/roster","Roster","missing","","","cross_source_exact_match"
"handoff","faculty","Grading","#/faculty/grading","exact","faculty","Grading","#/faculty/grading","exact_unique","#/faculty/grading","Grading","missing","","","cross_source_exact_match"
"handoff","faculty","Announcements","#/faculty/announce","exact","faculty","Announcements","#/faculty/announce","exact_ambiguous","#/faculty/announce | #/institution/announce","Announcements","missing","","","cross_source_exact_match"
"handoff","faculty","Assignment builder","#/faculty/builder","exact","faculty","Assignment builder","#/faculty/builder","exact_unique","#/faculty/builder","Assignment builder","missing","","","cross_source_exact_match"
"handoff","faculty","Question bank","#/faculty/bank","exact","faculty","Question bank","#/faculty/bank","exact_unique","#/faculty/bank","Question bank","exact_unique","Question bank [C · Faculty & Course Studio]","C · Faculty & Course Studio","cross_source_exact_match"
"handoff","faculty","Submission inbox","#/faculty/inbox","exact","faculty","Submission inbox","#/faculty/inbox","exact_unique","#/faculty/inbox","Submission inbox","missing","","","cross_source_exact_match"
"handoff","faculty","Grade a submission","#/faculty/grade","exact","faculty","Grade a submission","#/faculty/grade","exact_unique","#/faculty/grade","Grade a submission","missing","","","cross_source_exact_match"
"handoff","faculty","Gradebook","#/faculty/gradebook","exact","faculty","Gradebook","#/faculty/gradebook","exact_ambiguous","#/student/gradebook | #/faculty/gradebook","Gradebook","exact_unique","Gradebook [C · Faculty & Course Studio]","C · Faculty & Course Studio","cross_source_exact_match"
"handoff","faculty","Requests","#/faculty/requests","exact","faculty","Requests","#/faculty/requests","exact_unique","#/faculty/requests","Requests","missing","","","cross_source_exact_match"
"handoff","faculty","Grade sync","#/faculty/gradesync","exact","faculty","Grade sync","#/faculty/gradesync","exact_unique","#/faculty/gradesync","Grade sync","missing","","","cross_source_exact_match"
"handoff","faculty","Grade column","#/faculty/lineitem","exact","faculty","Grade column","#/faculty/lineitem","exact_unique","#/faculty/lineitem","Grade column","missing","","","cross_source_exact_match"
"handoff","faculty","Course copy","#/faculty/coursecopy","exact","faculty","Course copy","#/faculty/coursecopy","exact_unique","#/faculty/coursecopy","Course copy","missing","","","cross_source_exact_match"
"handoff","faculty","Gradebook controls","#/faculty/gbcontrols","exact","faculty","Gradebook controls","#/faculty/gbcontrols","exact_unique","#/faculty/gbcontrols","Gradebook controls","missing","","","cross_source_exact_match"
"handoff","faculty","Grade posting","#/faculty/posting","exact","faculty","Grade posting","#/faculty/posting","exact_unique","#/faculty/posting","Grade posting","missing","","","cross_source_exact_match"
"handoff","faculty","Instructor Assistant","#/faculty/assistant","exact","faculty","Instructor Assistant","#/faculty/assistant","exact_unique","#/faculty/assistant","Instructor Assistant","missing","","","cross_source_exact_match"
"handoff","institution","Institution OS","#/institution/os","exact","institution","Institution OS","#/institution/os","exact_unique","#/institution/os","Institution OS","missing","","","cross_source_exact_match"
"handoff","institution","Work queue","#/institution/queue","exact","institution","Work queue","#/institution/queue","exact_unique","#/institution/queue","Work queue","missing","","","cross_source_exact_match"
"handoff","institution","Term planner","#/institution/term","exact","institution","Term planner","#/institution/term","exact_unique","#/institution/term","Term planner","exact_unique","Term planner [B · Student OS]","B · Student OS","cross_source_exact_match"
"handoff","institution","Announcements","#/institution/announce","exact","institution","Announcements","#/institution/announce","exact_ambiguous","#/faculty/announce | #/institution/announce","Announcements","missing","","","cross_source_exact_match"
"handoff","institution","Office handoffs","#/institution/handoffs","exact","institution","Office handoffs","#/institution/handoffs","exact_unique","#/institution/handoffs","Office handoffs","missing","","","cross_source_exact_match"
"handoff","institution","Registrar","#/institution/registrar","exact","institution","Registrar","#/institution/registrar","exact_unique","#/institution/registrar","Registrar","missing","","","cross_source_exact_match"
"handoff","institution","Invitations","#/institution/people","exact","institution","Invitations","#/institution/people","exact_unique","#/institution/people","Invitations","missing","","","cross_source_exact_match"
"handoff","institution","Integrations","#/institution/integrations","exact","institution","Integrations","#/institution/integrations","exact_unique","#/institution/integrations","Integrations","exact_unique","Integrations [N · Operations Command Center (/ops)]","N · Operations Command Center (/ops)","cross_source_exact_match"
"handoff","institution","Domain authority","#/institution/authority","exact","institution","Domain authority","#/institution/authority","exact_unique","#/institution/authority","Domain authority","missing","","","cross_source_exact_match"
"handoff","institution","Entitlements","#/institution/entitlements","exact","institution","Entitlements","#/institution/entitlements","exact_unique","#/institution/entitlements","Entitlements","exact_ambiguous","Entitlements [K · Institutional administration] | Entitlements [N · Operations Command Center (/ops)]","K · Institutional administration | N · Operations Command Center (/ops)","cross_source_exact_match"
"handoff","institution","Module activation","#/institution/activation","exact","institution","Module activation","#/institution/activation","exact_unique","#/institution/activation","Module activation","missing","","","cross_source_exact_match"
"handoff","institution","Registration operations","#/institution/regops","exact","institution","Registration operations","#/institution/regops","exact_unique","#/institution/regops","Registration operations","missing","","","cross_source_exact_match"
"handoff","institution","Admitted verification","#/institution/onbverify","exact","institution","Admitted verification","#/institution/onbverify","exact_unique","#/institution/onbverify","Admitted verification","missing","","","cross_source_exact_match"
"handoff","institution","Documents","#/institution/documents","exact","institution","Documents","#/institution/documents","exact_unique","#/institution/documents","Documents","exact_unique","Documents [B · Student OS]","B · Student OS","cross_source_exact_match"
"handoff","institution","Academic records","#/institution/records","exact","institution","Academic records","#/institution/records","exact_unique","#/institution/records","Academic records","missing","","","cross_source_exact_match"
"handoff","institution","Audience segments","#/institution/segments","exact","institution","Audience segments","#/institution/segments","exact_unique","#/institution/segments","Audience segments","missing","","","cross_source_exact_match"
"handoff","institution","Workflow settings","#/institution/workflows","exact","institution","Workflow settings","#/institution/workflows","exact_unique","#/institution/workflows","Workflow settings","missing","","","cross_source_exact_match"
"handoff","institution","Registration exceptions","#/institution/exceptions","exact","institution","Registration exceptions","#/institution/exceptions","exact_unique","#/institution/exceptions","Registration exceptions","missing","","","cross_source_exact_match"
"handoff","institution","Substitution engine","#/institution/substitutions","exact","institution","Substitution engine","#/institution/substitutions","exact_unique","#/institution/substitutions","Substitution engine","missing","","","cross_source_exact_match"
"handoff","advisor","Caseload","#/advisor/caseload","exact","advisor","Caseload","#/advisor/caseload","exact_unique","#/advisor/caseload","Caseload","exact_unique","Caseload [D · Advisor & student success]","D · Advisor & student success","cross_source_exact_match"
"handoff","advisor","Shared degree audit","#/advisor/audit","exact","advisor","Shared degree audit","#/advisor/audit","exact_unique","#/advisor/audit","Shared degree audit","missing","","","cross_source_exact_match"
"handoff","advisor","Advising home","#/advisor/home","exact","advisor","Advising home","#/advisor/home","exact_unique","#/advisor/home","Advising home","missing","","","cross_source_exact_match"
"handoff","advisor","Recommendation engine","#/advisor/engine","exact","advisor","Recommendation engine","#/advisor/engine","exact_unique","#/advisor/engine","Recommendation engine","missing","","","cross_source_exact_match"
"handoff","advisor","Rule evaluator","#/advisor/rules","exact","advisor","Rule evaluator","#/advisor/rules","exact_unique","#/advisor/rules","Rule evaluator","missing","","","cross_source_exact_match"
"handoff","advisor","Permission walkthrough","#/advisor/access","exact","advisor","Permission walkthrough","#/advisor/access","exact_unique","#/advisor/access","Permission walkthrough","missing","","","cross_source_exact_match"
"handoff","advisor","Explanation guard","#/advisor/guard","exact","advisor","Explanation guard","#/advisor/guard","exact_unique","#/advisor/guard","Explanation guard","missing","","","cross_source_exact_match"
"handoff","ta","My grading","#/ta/queue","exact","ta","My grading","#/ta/queue","exact_unique","#/ta/queue","My grading","missing","","","cross_source_exact_match"
"handoff","ta","My sections","#/ta/sections","exact","ta","My sections","#/ta/sections","exact_unique","#/ta/sections","My sections","missing","","","cross_source_exact_match"
"handoff","ta","Office hours","#/ta/hours","exact","ta","Office hours","#/ta/hours","exact_unique","#/ta/hours","Office hours","exact_unique","Office hours [C · Faculty & Course Studio]","C · Faculty & Course Studio","cross_source_exact_match"
"handoff","ta","Regrade requests","#/ta/regrades","exact","ta","Regrade requests","#/ta/regrades","exact_unique","#/ta/regrades","Regrade requests","missing","","","cross_source_exact_match"
"handoff","finops","Accounts and aid","#/finops/queue","exact","finops","Accounts and aid","#/finops/queue","exact_unique","#/finops/queue","Accounts and aid","missing","","","cross_source_exact_match"
"handoff","finops","Payments and holds","#/finops/payments","exact","finops","Payments and holds","#/finops/payments","exact_unique","#/finops/payments","Payments and holds","missing","","","cross_source_exact_match"
"handoff","finops","Refund queue","#/finops/refunds","exact","finops","Refund queue","#/finops/refunds","exact_unique","#/finops/refunds","Refund queue","missing","","","cross_source_exact_match"
"handoff","finops","Payment plans","#/finops/plans","exact","finops","Payment plans","#/finops/plans","exact_unique","#/finops/plans","Payment plans","missing","","","cross_source_exact_match"
"handoff","support","Cases","#/support/desk","exact","support","Cases","#/support/desk","exact_unique","#/support/desk","Cases","missing","","","cross_source_exact_match"
"handoff","support","Case SUP-2210","#/support/case","exact","support","Case SUP-2210","#/support/case","exact_unique","#/support/case","Case SUP-2210","missing","","","cross_source_exact_match"
"handoff","support","Service levels","#/support/sla","exact","support","Service levels","#/support/sla","exact_unique","#/support/sla","Service levels","missing","","","cross_source_exact_match"
"handoff","admissions","Applicants","#/admissions/applicants","exact","admissions","Applicants","#/admissions/applicants","exact_ambiguous","#/admissions/applicants | #/employer/applicants","Applicants","missing","","","cross_source_exact_match"
"handoff","admissions","Leads","#/admissions/leads","exact","admissions","Leads","#/admissions/leads","exact_unique","#/admissions/leads","Leads","missing","","","cross_source_exact_match"
"handoff","admissions","Reader review","#/admissions/review","exact","admissions","Reader review","#/admissions/review","exact_unique","#/admissions/review","Reader review","missing","","","cross_source_exact_match"
"handoff","admissions","Interviews","#/admissions/interviews","exact","admissions","Interviews","#/admissions/interviews","exact_unique","#/admissions/interviews","Interviews","missing","","","cross_source_exact_match"
"handoff","admissions","Decisions","#/admissions/decisions","exact","admissions","Decisions","#/admissions/decisions","exact_ambiguous","#/admissions/decisions | #/executive/decisions","Decisions","missing","","","cross_source_exact_match"
"handoff","admissions","Funnel","#/admissions/funnel","exact","admissions","Funnel","#/admissions/funnel","exact_unique","#/admissions/funnel","Funnel","missing","","","cross_source_exact_match"
"handoff","career","Postings","#/career/postings","exact","career","Postings","#/career/postings","exact_unique","#/career/postings","Postings","missing","","","cross_source_exact_match"
"handoff","career","Listing review","#/career/review","exact","career","Listing review","#/career/review","exact_unique","#/career/review","Listing review","missing","","","cross_source_exact_match"
"handoff","career","Coaching","#/career/coaching","exact","career","Coaching","#/career/coaching","exact_unique","#/career/coaching","Coaching","missing","","","cross_source_exact_match"
"handoff","career","Outcomes","#/career/outcomes","exact","career","Outcomes","#/career/outcomes","exact_unique","#/career/outcomes","Outcomes","missing","","","cross_source_exact_match"
"handoff","campus","Service requests","#/campus/requests","exact","campus","Service requests","#/campus/requests","exact_unique","#/campus/requests","Service requests","missing","","","cross_source_exact_match"
"handoff","campus","Housing capacity","#/campus/capacity","exact","campus","Housing capacity","#/campus/capacity","exact_unique","#/campus/capacity","Housing capacity","missing","","","cross_source_exact_match"
"handoff","campus","Dining","#/campus/dining","exact","campus","Dining","#/campus/dining","exact_unique","#/campus/dining","Dining","exact_unique","Dining [B · Student OS]","B · Student OS","cross_source_exact_match"
"handoff","campus","Wallet rules","#/campus/rules","exact","campus","Wallet rules","#/campus/rules","exact_unique","#/campus/rules","Wallet rules","missing","","","cross_source_exact_match"
"handoff","campus","Event approvals","#/campus/events","exact","campus","Event approvals","#/campus/events","exact_unique","#/campus/events","Event approvals","missing","","","cross_source_exact_match"
"handoff","marketplace","Review queue","#/marketplace/queue","exact","marketplace","Review queue","#/marketplace/queue","exact_unique","#/marketplace/queue","Review queue","missing","","","canonical_exclusion_D-1287"
"handoff","marketplace","Disputes","#/marketplace/disputes","exact","marketplace","Disputes","#/marketplace/disputes","exact_unique","#/marketplace/disputes","Disputes","missing","","","canonical_exclusion_D-1287"
"handoff","marketplace","Provider verification","#/marketplace/providers","exact","marketplace","Provider verification","#/marketplace/providers","exact_unique","#/marketplace/providers","Provider verification","missing","","","canonical_exclusion_D-1287"
"handoff","insights","Readiness","#/insights/readiness","exact","insights","Readiness","#/insights/readiness","exact_unique","#/insights/readiness","Readiness","missing","","","cross_source_exact_match"
"handoff","insights","Campus business","#/insights/business","exact","insights","Campus business","#/insights/business","exact_unique","#/insights/business","Campus business","missing","","","cross_source_exact_match"
"handoff","insights","Department budget","#/insights/budget","exact","insights","Department budget","#/insights/budget","exact_unique","#/insights/budget","Department budget","missing","","","cross_source_exact_match"
"handoff","trust","Audit explorer","#/trust/audit","exact","trust","Audit explorer","#/trust/audit","exact_unique","#/trust/audit","Audit explorer","exact_ambiguous","Audit explorer [K · Institutional administration] | Audit explorer [N · Operations Command Center (/ops)]","K · Institutional administration | N · Operations Command Center (/ops)","cross_source_exact_match"
"handoff","trust","Access matrix","#/trust/matrix","exact","trust","Access matrix","#/trust/matrix","exact_unique","#/trust/matrix","Access matrix","missing","","","cross_source_exact_match"
"handoff","trust","Governance monitor","#/trust/monitor","exact","trust","Governance monitor","#/trust/monitor","exact_unique","#/trust/monitor","Governance monitor","missing","","","cross_source_exact_match"
"handoff","trust","Permission checker","#/trust/permissions","exact","trust","Permission checker","#/trust/permissions","exact_unique","#/trust/permissions","Permission checker","missing","","","cross_source_exact_match"
"handoff","trust","Social moderation","#/trust/social","exact","trust","Social moderation","#/trust/social","exact_unique","#/trust/social","Social moderation","missing","","","cross_source_exact_match"
"handoff","trust","Feed ranking lab","#/trust/ranking","exact","trust","Feed ranking lab","#/trust/ranking","exact_unique","#/trust/ranking","Feed ranking lab","missing","","","cross_source_exact_match"
"handoff","trust","Social safety pipeline","#/trust/safety","exact","trust","Social safety pipeline","#/trust/safety","exact_unique","#/trust/safety","Social safety pipeline","missing","","","cross_source_exact_match"
"handoff","trust","FERPA checklist","#/trust/ferpa","exact","trust","FERPA checklist","#/trust/ferpa","exact_unique","#/trust/ferpa","FERPA checklist","missing","","","cross_source_exact_match"
"handoff","trust","AI risk and filters","#/trust/airisk","exact","trust","AI risk and filters","#/trust/airisk","exact_unique","#/trust/airisk","AI risk and filters","missing","","","cross_source_exact_match"
"handoff","trust","Vendor DPA draft","#/trust/dpa","exact","trust","Vendor DPA draft","#/trust/dpa","exact_unique","#/trust/dpa","Vendor DPA draft","missing","","","cross_source_exact_match"
"handoff","trust","AI RMF audit","#/trust/aiaudit","exact","trust","AI RMF audit","#/trust/aiaudit","exact_unique","#/trust/aiaudit","AI RMF audit","missing","","","cross_source_exact_match"
"handoff","trust","Model release gate","#/trust/release","exact","trust","Model release gate","#/trust/release","exact_unique","#/trust/release","Model release gate","missing","","","cross_source_exact_match"
"handoff","trust","Direct-control drills","#/trust/drills","exact","trust","Direct-control drills","#/trust/drills","exact_unique","#/trust/drills","Direct-control drills","missing","","","cross_source_exact_match"
"handoff","trust","Moderation incident","#/trust/incident","exact","trust","Moderation incident","#/trust/incident","exact_unique","#/trust/incident","Moderation incident","missing","","","cross_source_exact_match"
"handoff","trust","Triggers and rollback","#/trust/manage","exact","trust","Triggers and rollback","#/trust/manage","exact_unique","#/trust/manage","Triggers and rollback","missing","","","cross_source_exact_match"
"handoff","trust","Data flow and Schedule A","#/trust/dataflow","exact","trust","Data flow and Schedule A","#/trust/dataflow","exact_unique","#/trust/dataflow","Data flow and Schedule A","missing","","","cross_source_exact_match"
"handoff","trust","Cloud controls","#/trust/cloud","exact","trust","Cloud controls","#/trust/cloud","exact_unique","#/trust/cloud","Cloud controls","missing","","","cross_source_exact_match"
"handoff","trust","DC-02 revocation lab","#/trust/revocation","exact","trust","DC-02 revocation lab","#/trust/revocation","exact_unique","#/trust/revocation","DC-02 revocation lab","missing","","","cross_source_exact_match"
"handoff","trust","SIS field map","#/trust/fieldmap","exact","trust","SIS field map","#/trust/fieldmap","exact_unique","#/trust/fieldmap","SIS field map","missing","","","cross_source_exact_match"
"handoff","trust","Contract worksheet","#/trust/contract","exact","trust","Contract worksheet","#/trust/contract","exact_unique","#/trust/contract","Contract worksheet","missing","","","cross_source_exact_match"
"handoff","trust","Audit package","#/trust/auditpkg","exact","trust","Audit package","#/trust/auditpkg","exact_unique","#/trust/auditpkg","Audit package","missing","","","cross_source_exact_match"
"handoff","family","Shared with me","#/family/shared","exact","family","Shared with me","#/family/shared","exact_unique","#/family/shared","Shared with me","missing","","","cross_source_exact_match"
"handoff","family","Billing","#/family/billing","exact","family","Billing","#/family/billing","exact_unique","#/family/billing","Billing","missing","","","cross_source_exact_match"
"handoff","family","What’s shared","#/family/consent","exact","family","What’s shared","#/family/consent","exact_unique","#/family/consent","What’s shared","missing","","","cross_source_exact_match"
"handoff","alumni","Lifelong account","#/alumni/home","exact","alumni","Lifelong account","#/alumni/home","exact_unique","#/alumni/home","Lifelong account","missing","","","cross_source_exact_match"
"handoff","alumni","Directory","#/alumni/directory","exact","alumni","Directory","#/alumni/directory","exact_unique","#/alumni/directory","Directory","missing","","","cross_source_exact_match"
"handoff","alumni","Mentorship","#/alumni/mentor","exact","alumni","Mentorship","#/alumni/mentor","exact_unique","#/alumni/mentor","Mentorship","missing","","","cross_source_exact_match"
"handoff","alumni","Groups and events","#/alumni/groups","exact","alumni","Groups and events","#/alumni/groups","exact_unique","#/alumni/groups","Groups and events","missing","","","cross_source_exact_match"
"handoff","alumni","Shared jobs","#/alumni/jobs","exact","alumni","Shared jobs","#/alumni/jobs","exact_unique","#/alumni/jobs","Shared jobs","missing","","","cross_source_exact_match"
"handoff","alumni","Who sees what","#/alumni/visibility","exact","alumni","Who sees what","#/alumni/visibility","exact_unique","#/alumni/visibility","Who sees what","missing","","","cross_source_exact_match"
"handoff","alumni","Transcript","#/alumni/transcript","exact","alumni","Transcript","#/alumni/transcript","exact_ambiguous","#/student/transcript | #/alumni/transcript","Transcript","missing","","","cross_source_exact_match"
"handoff","employer","Opportunities","#/employer/roles","exact","employer","Opportunities","#/employer/roles","exact_unique","#/employer/roles","Opportunities","exact_unique","Opportunities [B · Student OS]","B · Student OS","cross_source_exact_match"
"handoff","employer","Post an opportunity","#/employer/post","exact","employer","Post an opportunity","#/employer/post","exact_unique","#/employer/post","Post an opportunity","missing","","","cross_source_exact_match"
"handoff","employer","Applicants","#/employer/applicants","exact","employer","Applicants","#/employer/applicants","exact_ambiguous","#/admissions/applicants | #/employer/applicants","Applicants","missing","","","cross_source_exact_match"
"handoff","company","Company home","#/company/home","exact","company","Company home","#/company/home","exact_unique","#/company/home","Company home","missing","","","cross_source_exact_match"
"handoff","company","Pipeline","#/company/pipeline","exact","company","Pipeline","#/company/pipeline","exact_unique","#/company/pipeline","Pipeline","missing","","","cross_source_exact_match"
"handoff","company","Contracts","#/company/contracts","exact","company","Contracts","#/company/contracts","exact_unique","#/company/contracts","Contracts","exact_unique","Contracts [N · Operations Command Center (/ops)]","N · Operations Command Center (/ops)","cross_source_exact_match"
"handoff","company","Support","#/company/support","exact","company","Support","#/company/support","exact_unique","#/company/support","Support","missing","","","cross_source_exact_match"
"handoff","company","Invoices","#/company/billing","exact","company","Invoices","#/company/billing","exact_unique","#/company/billing","Invoices","exact_unique","Invoices [N · Operations Command Center (/ops)]","N · Operations Command Center (/ops)","cross_source_exact_match"
"handoff","company","Company OS","#/company/os","exact","company","Company OS","#/company/os","exact_unique","#/company/os","Company OS","missing","","","cross_source_exact_match"
"handoff","company","Customer account view","#/company/account","exact","company","Customer account view","#/company/account","exact_unique","#/company/account","Customer account view","missing","","","cross_source_exact_match"
"handoff","company","Quotes","#/company/quotes","exact","company","Quotes","#/company/quotes","exact_unique","#/company/quotes","Quotes","exact_unique","Quotes [N · Operations Command Center (/ops)]","N · Operations Command Center (/ops)","cross_source_exact_match"
"handoff","company","Billing lifecycle","#/company/lifecycle","exact","company","Billing lifecycle","#/company/lifecycle","exact_unique","#/company/lifecycle","Billing lifecycle","missing","","","cross_source_exact_match"
"handoff","company","Ledger","#/company/ledger","exact","company","Ledger","#/company/ledger","exact_unique","#/company/ledger","Ledger","missing","","","cross_source_exact_match"
"handoff","company","Reconciliation","#/company/recon","exact","company","Reconciliation","#/company/recon","exact_unique","#/company/recon","Reconciliation","missing","","","cross_source_exact_match"
"handoff","company","Vendors","#/company/vendors","exact","company","Vendors","#/company/vendors","exact_unique","#/company/vendors","Vendors","missing","","","cross_source_exact_match"
"handoff","company","Customer agreements","#/company/agreements","exact","company","Customer agreements","#/company/agreements","exact_unique","#/company/agreements","Customer agreements","missing","","","cross_source_exact_match"
"handoff","company","Playbooks","#/company/playbooks","exact","company","Playbooks","#/company/playbooks","exact_unique","#/company/playbooks","Playbooks","missing","","","cross_source_exact_match"
"handoff","company","Knowledge base","#/company/kb","exact","company","Knowledge base","#/company/kb","exact_unique","#/company/kb","Knowledge base","missing","","","cross_source_exact_match"
"handoff","company","Partner payouts","#/company/payouts","exact","company","Partner payouts","#/company/payouts","exact_unique","#/company/payouts","Partner payouts","missing","","","cross_source_exact_match"
"handoff","company","Matching and anomalies","#/company/risk","exact","company","Matching and anomalies","#/company/risk","exact_unique","#/company/risk","Matching and anomalies","missing","","","cross_source_exact_match"
"handoff","operations","Command center","#/operations/home","handoff_only","","","","missing","","Command center","missing","","","handoff_only_requires_owner_decision"
"handoff","operations","Incidents","#/operations/incidents","handoff_only","","","","missing","","Incidents","exact_unique","Incidents [N · Operations Command Center (/ops)]","N · Operations Command Center (/ops)","handoff_only_requires_owner_decision"
"handoff","operations","Releases","#/operations/releases","handoff_only","","","","missing","","Releases","missing","","","handoff_only_requires_owner_decision"
"handoff","operations","Access","#/operations/access","handoff_only","","","","missing","","Access","missing","","","handoff_only_requires_owner_decision"
"handoff","operations","Privacy requests","#/operations/privacy","handoff_only","","","","missing","","Privacy requests","exact_unique","Privacy requests [K · Institutional administration]","K · Institutional administration","handoff_only_requires_owner_decision"
"handoff","operations","Dead letters","#/operations/deadletters","handoff_only","","","","missing","","Dead letters","missing","","","handoff_only_requires_owner_decision"
"handoff","operations","Architecture","#/operations/architecture","handoff_only","","","","missing","","Architecture","missing","","","handoff_only_requires_owner_decision"
"handoff","operations","LTI launch checks","#/operations/lti","handoff_only","","","","missing","","LTI launch checks","missing","","","handoff_only_requires_owner_decision"
"handoff","operations","LTI sequence","#/operations/ltiseq","handoff_only","","","","missing","","LTI sequence","missing","","","handoff_only_requires_owner_decision"
"handoff","operations","LTI audit","#/operations/lticompliance","handoff_only","","","","missing","","LTI audit","missing","","","handoff_only_requires_owner_decision"
"handoff","operations","Launch trace","#/operations/ltitrace","handoff_only","","","","missing","","Launch trace","missing","","","handoff_only_requires_owner_decision"
"handoff","operations","JWT inspector","#/operations/jwt","handoff_only","","","","missing","","JWT inspector","missing","","","handoff_only_requires_owner_decision"
"handoff","operations","Notification hub","#/operations/notify","handoff_only","","","","missing","","Notification hub","missing","","","handoff_only_requires_owner_decision"
"handoff","operations","Feed delivery","#/operations/feeddelivery","handoff_only","","","","missing","","Feed delivery","missing","","","handoff_only_requires_owner_decision"
"handoff","operations","Presence reliability","#/operations/presence","handoff_only","","","","missing","","Presence reliability","missing","","","handoff_only_requires_owner_decision"
"handoff","operations","Migration runner","#/operations/migrations","handoff_only","","","","missing","","Migration runner","missing","","","handoff_only_requires_owner_decision"
"handoff","operations","Route guards","#/operations/guards","handoff_only","","","","missing","","Route guards","missing","","","handoff_only_requires_owner_decision"
"handoff","os","All products","#/os/home","exact","os","All products","#/os/home","exact_unique","#/os/home","All products","missing","","","cross_source_exact_match"
"handoff","os","Architecture blueprint","#/os/blueprint","exact","os","Architecture blueprint","#/os/blueprint","exact_unique","#/os/blueprint","Architecture blueprint","missing","","","cross_source_exact_match"
"handoff","os","Role onboarding","#/os/onboard","exact","os","Role onboarding","#/os/onboard","exact_unique","#/os/onboard","Role onboarding","missing","","","cross_source_exact_match"
"handoff","os","Company transition","#/os/transition","exact","os","Company transition","#/os/transition","exact_unique","#/os/transition","Company transition","missing","","","cross_source_exact_match"
"handoff","os","End-to-end blueprint","#/os/system","exact","os","End-to-end blueprint","#/os/system","exact_unique","#/os/system","End-to-end blueprint","missing","","","cross_source_exact_match"
"handoff","os","Sign in and roles","#/os/signin","exact","os","Sign in and roles","#/os/signin","exact_unique","#/os/signin","Sign in and roles","missing","","","cross_source_exact_match"
"handoff","os","Demo flows","#/os/flows","exact","os","Demo flows","#/os/flows","exact_unique","#/os/flows","Demo flows","missing","","","cross_source_exact_match"
"handoff","os","Academic records matrix","#/os/matrix","exact","os","Academic records matrix","#/os/matrix","exact_unique","#/os/matrix","Academic records matrix","missing","","","cross_source_exact_match"
"handoff","success","Early alerts","#/success/risk","exact","success","Early alerts","#/success/risk","exact_unique","#/success/risk","Early alerts","missing","","","cross_source_exact_match"
"handoff","success","Outreach","#/success/campaigns","exact","success","Outreach","#/success/campaigns","exact_unique","#/success/campaigns","Outreach","missing","","","cross_source_exact_match"
"handoff","success","Service timeline","#/success/timeline","exact","success","Service timeline","#/success/timeline","exact_unique","#/success/timeline","Service timeline","missing","","","cross_source_exact_match"
"handoff","success","Cohort programs","#/success/cohorts","exact","success","Cohort programs","#/success/cohorts","exact_unique","#/success/cohorts","Cohort programs","missing","","","cross_source_exact_match"
"handoff","executive","Overview","#/executive/overview","exact","executive","Overview","#/executive/overview","exact_unique","#/executive/overview","Overview","missing","","","cross_source_exact_match"
"handoff","executive","Forecast","#/executive/forecast","exact","executive","Forecast","#/executive/forecast","exact_unique","#/executive/forecast","Forecast","missing","","","cross_source_exact_match"
"handoff","executive","Board narrative","#/executive/board","exact","executive","Board narrative","#/executive/board","exact_unique","#/executive/board","Board narrative","missing","","","cross_source_exact_match"
"handoff","executive","Retention","#/executive/retention","exact","executive","Retention","#/executive/retention","exact_unique","#/executive/retention","Retention","exact_unique","Retention [N · Operations Command Center (/ops)]","N · Operations Command Center (/ops)","cross_source_exact_match"
"handoff","clubs","My organization","#/clubs/home","exact","clubs","My organization","#/clubs/home","exact_unique","#/clubs/home","My organization","missing","","","cross_source_exact_match"
"handoff","clubs","Roster and officers","#/clubs/roster","exact","clubs","Roster and officers","#/clubs/roster","exact_unique","#/clubs/roster","Roster and officers","missing","","","cross_source_exact_match"
"handoff","clubs","Event check-in","#/clubs/events","exact","clubs","Event check-in","#/clubs/events","exact_unique","#/clubs/events","Event check-in","missing","","","cross_source_exact_match"
"handoff","clubs","Club budget","#/clubs/budget","exact","clubs","Club budget","#/clubs/budget","exact_unique","#/clubs/budget","Club budget","missing","","","cross_source_exact_match"
"handoff","social","Home","#/social/home","exact","social","Home","#/social/home","exact_ambiguous","#/public/home | #/social/home | #/business/home","Home","missing","","","cross_source_exact_match"
"handoff","social","Create","#/social/compose","exact","social","Create","#/social/compose","exact_unique","#/social/compose","Create","missing","","","cross_source_exact_match"
"handoff","social","Video feed","#/social/video","exact","social","Video feed","#/social/video","exact_unique","#/social/video","Video feed","missing","","","cross_source_exact_match"
"handoff","social","Thread","#/social/thread","exact","social","Thread","#/social/thread","exact_unique","#/social/thread","Thread","missing","","","cross_source_exact_match"
"handoff","social","Profile","#/social/profile","exact","social","Profile","#/social/profile","exact_unique","#/social/profile","Profile","exact_unique","Profile [B · Student OS]","B · Student OS","cross_source_exact_match"
"handoff","social","Project","#/social/project","exact","social","Project","#/social/project","exact_unique","#/social/project","Project","missing","","","cross_source_exact_match"
"handoff","social","Scroll feed","#/social/reels","exact","social","Scroll feed","#/social/reels","exact_unique","#/social/reels","Scroll feed","missing","","","cross_source_exact_match"
"handoff","social","Comment tree","#/social/comments","exact","social","Comment tree","#/social/comments","exact_unique","#/social/comments","Comment tree","missing","","","cross_source_exact_match"
"handoff","social","Connected prototype","#/social/studio","exact","social","Connected prototype","#/social/studio","exact_unique","#/social/studio","Connected prototype","missing","","","cross_source_exact_match"
"handoff","social","Accounts (mock API)","#/social/accounts","exact","social","Accounts (mock API)","#/social/accounts","exact_unique","#/social/accounts","Accounts (mock API)","missing","","","cross_source_exact_match"
"handoff","social","Test runner","#/social/tests","exact","social","Test runner","#/social/tests","exact_unique","#/social/tests","Test runner","missing","","","cross_source_exact_match"
"handoff","social","Mixed feed + outbox","#/social/outbox","exact","social","Mixed feed + outbox","#/social/outbox","exact_unique","#/social/outbox","Mixed feed + outbox","missing","","","cross_source_exact_match"
"handoff","social","Analytics and approvals","#/social/analytics","exact","social","Analytics and approvals","#/social/analytics","exact_unique","#/social/analytics","Analytics and approvals","missing","","","cross_source_exact_match"
"handoff","studio","Studio home","#/studio/home","exact","studio","Studio home","#/studio/home","exact_unique","#/studio/home","Studio home","missing","","","cross_source_exact_match"
"handoff","studio","My Work","#/studio/files","exact","studio","My Work","#/studio/files","exact_ambiguous","#/studio/files | #/business/mywork","My Work","exact_unique","My Work [N · Operations Command Center (/ops)]","N · Operations Command Center (/ops)","cross_source_exact_match"
"handoff","studio","Make","#/studio/make","exact","studio","Make","#/studio/make","exact_unique","#/studio/make","Make","missing","","","cross_source_exact_match"
"handoff","studio","Assignment workspace","#/studio/assignment","exact","studio","Assignment workspace","#/studio/assignment","exact_unique","#/studio/assignment","Assignment workspace","missing","","","cross_source_exact_match"
"handoff","studio","Research Studio","#/studio/research","exact","studio","Research Studio","#/studio/research","exact_unique","#/studio/research","Research Studio","missing","","","cross_source_exact_match"
"handoff","studio","Calendar","#/studio/calendar","exact","studio","Calendar","#/studio/calendar","exact_ambiguous","#/student/calendar | #/studio/calendar","Calendar","exact_unique","Calendar [B · Student OS]","B · Student OS","cross_source_exact_match"
"handoff","studio","Executive Assistant","#/studio/assistant","exact","studio","Executive Assistant","#/studio/assistant","exact_with_normalized_collision","#/os/assistant | #/studio/assistant","Executive Assistant","missing","","","cross_source_exact_match"
"handoff","studio","Intelligence","#/studio/intelligence","exact","studio","Intelligence","#/studio/intelligence","exact_unique","#/studio/intelligence","Intelligence","missing","","","cross_source_exact_match"
"handoff","studio","AI Policy Center","#/studio/policy","exact","studio","AI Policy Center","#/studio/policy","exact_unique","#/studio/policy","AI Policy Center","missing","","","cross_source_exact_match"
"handoff","studio","ECON 201 folders","#/studio/course","exact","studio","ECON 201 folders","#/studio/course","exact_unique","#/studio/course","ECON 201 folders","missing","","","cross_source_exact_match"
"handoff","studio","Document","#/studio/doc","exact","studio","Document","#/studio/doc","exact_unique","#/studio/doc","Document","missing","","","cross_source_exact_match"
"handoff","studio","Spreadsheet","#/studio/sheet","exact","studio","Spreadsheet","#/studio/sheet","exact_unique","#/studio/sheet","Spreadsheet","missing","","","cross_source_exact_match"
"handoff","studio","Presentation","#/studio/slides","exact","studio","Presentation","#/studio/slides","exact_unique","#/studio/slides","Presentation","missing","","","cross_source_exact_match"
"handoff","studio","Share panel","#/studio/share","exact","studio","Share panel","#/studio/share","exact_unique","#/studio/share","Share panel","missing","","","cross_source_exact_match"
"handoff","studio","Assistant request gate","#/studio/ask","exact","studio","Assistant request gate","#/studio/ask","exact_unique","#/studio/ask","Assistant request gate","missing","","","cross_source_exact_match"
"handoff","studio","Offline sync","#/studio/sync","exact","studio","Offline sync","#/studio/sync","exact_unique","#/studio/sync","Offline sync","missing","","","cross_source_exact_match"
"handoff","studio","Versions and branches","#/studio/branches","exact","studio","Versions and branches","#/studio/branches","exact_unique","#/studio/branches","Versions and branches","missing","","","cross_source_exact_match"
"handoff","studio","Math canvas","#/studio/math","exact","studio","Math canvas","#/studio/math","exact_unique","#/studio/math","Math canvas","missing","","","cross_source_exact_match"
"handoff","studio","Live session","#/studio/session","exact","studio","Live session","#/studio/session","exact_unique","#/studio/session","Live session","missing","","","cross_source_exact_match"
"handoff","studio","Grading stream","#/studio/grading","exact","studio","Grading stream","#/studio/grading","exact_unique","#/studio/grading","Grading stream","missing","","","cross_source_exact_match"
"handoff","studio","Citations and export","#/studio/export","exact","studio","Citations and export","#/studio/export","exact_unique","#/studio/export","Citations and export","missing","","","cross_source_exact_match"
"handoff","studio","Learning Tutor","#/studio/tutor","exact","studio","Learning Tutor","#/studio/tutor","exact_unique","#/studio/tutor","Learning Tutor","missing","","","cross_source_exact_match"
"handoff","studio","State vectors","#/studio/vectors","exact","studio","State vectors","#/studio/vectors","exact_unique","#/studio/vectors","State vectors","missing","","","cross_source_exact_match"
"handoff","studio","Export queue","#/studio/buildqueue","exact","studio","Export queue","#/studio/buildqueue","exact_unique","#/studio/buildqueue","Export queue","missing","","","cross_source_exact_match"
"handoff","studio","Sync gateways","#/studio/gateways","exact","studio","Sync gateways","#/studio/gateways","exact_unique","#/studio/gateways","Sync gateways","missing","","","cross_source_exact_match"
"handoff","studio","Worker","#/studio/worker","exact","studio","Worker","#/studio/worker","exact_unique","#/studio/worker","Worker","missing","","","cross_source_exact_match"
"handoff","studio","Peer and Friend","#/studio/peers","exact","studio","Peer and Friend","#/studio/peers","exact_unique","#/studio/peers","Peer and Friend","missing","","","cross_source_exact_match"
"handoff","studio","Recovery simulator","#/studio/recovery","exact","studio","Recovery simulator","#/studio/recovery","exact_unique","#/studio/recovery","Recovery simulator","missing","","","cross_source_exact_match"
"handoff","studio","Literature review","#/studio/litreview","exact","studio","Literature review","#/studio/litreview","exact_unique","#/studio/litreview","Literature review","missing","","","cross_source_exact_match"
"handoff","studio","Presence audit","#/studio/presence","exact","studio","Presence audit","#/studio/presence","exact_unique","#/studio/presence","Presence audit","missing","","","cross_source_exact_match"
"handoff","studio","All tools","#/studio/tools","exact","studio","All tools","#/studio/tools","exact_unique","#/studio/tools","All tools","missing","","","cross_source_exact_match"
"rendered_only","","","","rendered_only","applicant","Enrollment deposit","#/applicant/deposit","not_applicable","","Enrollment deposit","missing","","","rendered_only_requires_owner_decision"
"rendered_only","","","","rendered_only","applicant","Decision states","#/applicant/decisions","not_applicable","","Decision states","missing","","","rendered_only_requires_owner_decision"
"rendered_only","","","","rendered_only","student","Semester Brain","#/student/brain","not_applicable","","Semester Brain","missing","","","rendered_only_requires_owner_decision"
"rendered_only","","","","rendered_only","student","Master plan","#/student/masterplan","not_applicable","","Master plan","missing","","","rendered_only_requires_owner_decision"
"rendered_only","","","","rendered_only","student","Discover","#/student/discover","not_applicable","","Discover","missing","","","rendered_only_requires_owner_decision"
"rendered_only","","","","rendered_only","student","Interview Studio","#/student/interview","not_applicable","","Interview Studio","missing","","","rendered_only_requires_owner_decision"
"rendered_only","","","","rendered_only","student","Semester closeout","#/student/closeout","not_applicable","","Semester closeout","missing","","","rendered_only_requires_owner_decision"
"rendered_only","","","","rendered_only","student","Documents to sign","#/student/sign","not_applicable","","Documents to sign","missing","","","rendered_only_requires_owner_decision"
"rendered_only","","","","rendered_only","student","Co-curricular record","#/student/cocurricular","not_applicable","","Co-curricular record","missing","","","rendered_only_requires_owner_decision"
"rendered_only","","","","rendered_only","student","My operating manual","#/student/manual","not_applicable","","My operating manual","missing","","","rendered_only_requires_owner_decision"
"rendered_only","","","","rendered_only","student","Support cases","#/student/cases","not_applicable","","Support cases","missing","","","rendered_only_requires_owner_decision"
"rendered_only","","","","rendered_only","student","Family sharing","#/student/familyconsent","not_applicable","","Family sharing","exact_unique","Family sharing [B · Student OS]","B · Student OS","rendered_only_requires_owner_decision"
"rendered_only","","","","rendered_only","student","Who saw my records","#/student/accesslog","not_applicable","","Who saw my records","missing","","","rendered_only_requires_owner_decision"
"rendered_only","","","","rendered_only","student","Semester plan","#/student/semplan","not_applicable","","Semester plan","missing","","","rendered_only_requires_owner_decision"
"rendered_only","","","","rendered_only","student","Transfer credit","#/student/transfer","not_applicable","","Transfer credit","missing","","","rendered_only_requires_owner_decision"
"rendered_only","","","","rendered_only","faculty","Faculty home","#/faculty/os","not_applicable","","Faculty home","missing","","","rendered_only_requires_owner_decision"
"rendered_only","","","","rendered_only","faculty","Submission to release","#/faculty/gradeflow","not_applicable","","Submission to release","missing","","","rendered_only_requires_owner_decision"
"rendered_only","","","","rendered_only","institution","Operations console","#/institution/console","not_applicable","","Operations console","missing","","","rendered_only_requires_owner_decision"
"rendered_only","","","","rendered_only","institution","Lifecycle graph","#/institution/lifecycle","not_applicable","","Lifecycle graph","missing","","","rendered_only_requires_owner_decision"
"rendered_only","","","","rendered_only","institution","Organization graph","#/institution/orggraph","not_applicable","","Organization graph","missing","","","rendered_only_requires_owner_decision"
"rendered_only","","","","rendered_only","institution","Internal notes","#/institution/notes","not_applicable","","Internal notes","missing","","","rendered_only_requires_owner_decision"
"rendered_only","","","","rendered_only","institution","Matching and routing","#/institution/routing","not_applicable","","Matching and routing","missing","","","rendered_only_requires_owner_decision"
"rendered_only","","","","rendered_only","institution","Term structures","#/institution/calendars","not_applicable","","Term structures","missing","","","rendered_only_requires_owner_decision"
"rendered_only","","","","rendered_only","institution","Dependency exceptions","#/institution/dependency","not_applicable","","Dependency exceptions","missing","","","rendered_only_requires_owner_decision"
"rendered_only","","","","rendered_only","institution","Calendar architecture","#/institution/calendarmodel","not_applicable","","Calendar architecture","missing","","","rendered_only_requires_owner_decision"
"rendered_only","","","","rendered_only","advisor","Case notes","#/advisor/notes","not_applicable","","Case notes","missing","","","rendered_only_requires_owner_decision"
"rendered_only","","","","rendered_only","finops","Product catalog","#/finops/catalog","not_applicable","","Product catalog","missing","","","rendered_only_requires_owner_decision"
"rendered_only","","","","rendered_only","finops","Plans and autopay","#/finops/autopay","not_applicable","","Plans and autopay","missing","","","rendered_only_requires_owner_decision"
"rendered_only","","","","rendered_only","finops","Adjustments","#/finops/adjustments","not_applicable","","Adjustments","missing","","","rendered_only_requires_owner_decision"
"rendered_only","","","","rendered_only","finops","Gateway routing","#/finops/gateway","not_applicable","","Gateway routing","missing","","","rendered_only_requires_owner_decision"
"rendered_only","","","","rendered_only","finops","Collections and holds","#/finops/collections","not_applicable","","Collections and holds","missing","","","rendered_only_requires_owner_decision"
"rendered_only","","","","rendered_only","admissions","Communication history","#/admissions/timeline","not_applicable","","Communication history","missing","","","rendered_only_requires_owner_decision"
"rendered_only","","","","rendered_only","admissions","Transfer intake","#/admissions/transfer","not_applicable","","Transfer intake","missing","","","rendered_only_requires_owner_decision"
"rendered_only","","","","rendered_only","campus","Memberships","#/campus/membership","not_applicable","","Memberships","exact_unique","Memberships [K · Institutional administration]","K · Institutional administration","rendered_only_requires_owner_decision"
"rendered_only","","","","rendered_only","campus","Polls and sign-ups","#/campus/forms","not_applicable","","Polls and sign-ups","missing","","","rendered_only_requires_owner_decision"
"rendered_only","","","","rendered_only","campus","Peer ambassadors","#/campus/ambassadors","not_applicable","","Peer ambassadors","missing","","","rendered_only_requires_owner_decision"
"rendered_only","","","","rendered_only","insights","Revenue and aging","#/insights/revenue","not_applicable","","Revenue and aging","missing","","","rendered_only_requires_owner_decision"
"rendered_only","","","","rendered_only","trust","AppSec assurance","#/trust/appsec","not_applicable","","AppSec assurance","missing","","","rendered_only_requires_owner_decision"
"rendered_only","","","","rendered_only","trust","Safety case routing","#/trust/safetycase","not_applicable","","Safety case routing","missing","","","rendered_only_requires_owner_decision"
"rendered_only","","","","rendered_only","family","My access","#/family/access","not_applicable","","My access","missing","","","rendered_only_requires_owner_decision"
"rendered_only","","","","rendered_only","alumni","Seller verification","#/alumni/sellerverify","not_applicable","","Seller verification","missing","","","rendered_only_requires_owner_decision"
"rendered_only","","","","rendered_only","company","Your approvals","#/company/approvals","not_applicable","","Your approvals","missing","","","rendered_only_requires_owner_decision"
"rendered_only","","","","rendered_only","company","Partners","#/company/partners","not_applicable","","Partners","exact_unique","Partners [A · Public company, sales & marketing site]","A · Public company, sales & marketing site","rendered_only_requires_owner_decision"
"rendered_only","","","","rendered_only","company","Vendor onboarding","#/company/vendoronboard","not_applicable","","Vendor onboarding","missing","","","rendered_only_requires_owner_decision"
"rendered_only","","","","rendered_only","company","Program providers","#/company/providers","not_applicable","","Program providers","missing","","","rendered_only_requires_owner_decision"
"rendered_only","","","","rendered_only","company","Implementation","#/company/implementation","not_applicable","","Implementation","missing","","","rendered_only_requires_owner_decision"
"rendered_only","","","","rendered_only","company","Adoption","#/company/adoption","not_applicable","","Adoption","missing","","","rendered_only_requires_owner_decision"
"rendered_only","","","","rendered_only","company","Execution plan","#/company/execution","not_applicable","","Execution plan","missing","","","rendered_only_requires_owner_decision"
"rendered_only","","","","rendered_only","operations","Operations console","#/operations/console","not_applicable","","Operations console","missing","","","rendered_only_requires_owner_decision"
"rendered_only","","","","rendered_only","operations","SIS concurrency harness","#/operations/concurrency","not_applicable","","SIS concurrency harness","missing","","","rendered_only_requires_owner_decision"
"rendered_only","","","","rendered_only","os","Control chain","#/os/controlchain","not_applicable","","Control chain","missing","","","rendered_only_requires_owner_decision"
"rendered_only","","","","rendered_only","os","Education graph","#/os/graph","not_applicable","","Education graph","missing","","","rendered_only_requires_owner_decision"
"rendered_only","","","","rendered_only","os","Master catalog","#/os/catalog","not_applicable","","Master catalog","missing","","","rendered_only_requires_owner_decision"
"rendered_only","","","","rendered_only","os","Completion program","#/os/completion","not_applicable","","Completion program","missing","","","rendered_only_requires_owner_decision"
"rendered_only","","","","rendered_only","os","Finish Semester","#/os/finish","not_applicable","","Finish Semester","missing","","","rendered_only_requires_owner_decision"
"rendered_only","","","","rendered_only","os","Repo verification","#/os/repo","not_applicable","","Repo verification","missing","","","rendered_only_requires_owner_decision"
"rendered_only","","","","rendered_only","os","Semester Account","#/os/account","not_applicable","","Semester Account","missing","","","rendered_only_requires_owner_decision"
"rendered_only","","","","rendered_only","os","Roles vs tiers","#/os/tiers","not_applicable","","Roles vs tiers","missing","","","rendered_only_requires_owner_decision"
"rendered_only","","","","rendered_only","os","Executive assistant","#/os/assistant","not_applicable","","Executive assistant","missing","","","rendered_only_requires_owner_decision"
"rendered_only","","","","rendered_only","os","Semester Intelligence","#/os/intelligence","not_applicable","","Semester Intelligence","missing","","","rendered_only_requires_owner_decision"
"rendered_only","","","","rendered_only","os","Student & Teacher OS spec","#/os/rolearch","not_applicable","","Student & Teacher OS spec","missing","","","rendered_only_requires_owner_decision"
"rendered_only","","","","rendered_only","os","24 domains","#/os/domains","not_applicable","","24 domains","missing","","","rendered_only_requires_owner_decision"
"rendered_only","","","","rendered_only","os","Workflow runner","#/os/workflows","not_applicable","","Workflow runner","missing","","","rendered_only_requires_owner_decision"
"rendered_only","","","","rendered_only","os","System consoles","#/os/systems","not_applicable","","System consoles","missing","","","rendered_only_requires_owner_decision"
"rendered_only","","","","rendered_only","os","Green status register","#/os/green","not_applicable","","Green status register","missing","","","rendered_only_requires_owner_decision"
"rendered_only","","","","rendered_only","os","Phase 1 backbone","#/os/backbone1","not_applicable","","Phase 1 backbone","missing","","","rendered_only_requires_owner_decision"
"rendered_only","","","","rendered_only","os","Dependency map","#/os/dependencies","not_applicable","","Dependency map","missing","","","rendered_only_requires_owner_decision"
"rendered_only","","","","rendered_only","os","Operating backbone","#/os/backbone","not_applicable","","Operating backbone","missing","","","rendered_only_requires_owner_decision"
"rendered_only","","","","rendered_only","os","Record ownership","#/os/contract","not_applicable","","Record ownership","missing","","","rendered_only_requires_owner_decision"
"rendered_only","","","","rendered_only","os","Proof and operation","#/os/proof","not_applicable","","Proof and operation","missing","","","rendered_only_requires_owner_decision"
"rendered_only","","","","rendered_only","os","Proof build","#/os/proofbuild","not_applicable","","Proof build","missing","","","rendered_only_requires_owner_decision"
"rendered_only","","","","rendered_only","os","SIS timeout recovery","#/os/recovery","not_applicable","","SIS timeout recovery","missing","","","rendered_only_requires_owner_decision"
"rendered_only","","","","rendered_only","success","Referrals","#/success/referrals","not_applicable","","Referrals","missing","","","rendered_only_requires_owner_decision"
"rendered_only","","","","rendered_only","success","Retention and completion","#/success/outcomes","not_applicable","","Retention and completion","missing","","","rendered_only_requires_owner_decision"
"rendered_only","","","","rendered_only","success","Reminder campaigns","#/success/reminders","not_applicable","","Reminder campaigns","missing","","","rendered_only_requires_owner_decision"
"rendered_only","","","","rendered_only","success","Delinquency risk","#/success/delinquency","not_applicable","","Delinquency risk","missing","","","rendered_only_requires_owner_decision"
"rendered_only","","","","rendered_only","executive","Decisions","#/executive/decisions","not_applicable","","Decisions","missing","","","rendered_only_requires_owner_decision"
"rendered_only","","","","rendered_only","executive","Marketplace performance","#/executive/marketplace","not_applicable","","Marketplace performance","missing","","","rendered_only_requires_owner_decision"
"rendered_only","","","","rendered_only","studio","Workspace map","#/studio/workspace","not_applicable","","Workspace map","missing","","","rendered_only_requires_owner_decision"
"rendered_only","","","","rendered_only","studio","Offline protocol","#/studio/offline","not_applicable","","Offline protocol","missing","","","rendered_only_requires_owner_decision"
"rendered_only","","","","rendered_only","studio","OS lab workspace","#/studio/oslab","not_applicable","","OS lab workspace","missing","","","rendered_only_requires_owner_decision"
"rendered_only","","","","rendered_only","business","Home","#/business/home","not_applicable","","Home","missing","","","rendered_only_requires_owner_decision"
"rendered_only","","","","rendered_only","business","My Work","#/business/mywork","not_applicable","","My Work","exact_unique","My Work [N · Operations Command Center (/ops)]","N · Operations Command Center (/ops)","rendered_only_requires_owner_decision"
"rendered_only","","","","rendered_only","business","Company functions","#/business/functions","not_applicable","","Company functions","missing","","","rendered_only_requires_owner_decision"
"rendered_only","","","","rendered_only","business","Workflows","#/business/workflows","not_applicable","","Workflows","missing","","","rendered_only_requires_owner_decision"
"rendered_only","","","","rendered_only","business","Documents and legal","#/business/documents","not_applicable","","Documents and legal","missing","","","rendered_only_requires_owner_decision"
"rendered_only","","","","rendered_only","business","Launch tracker","#/business/tracker","not_applicable","","Launch tracker","missing","","","rendered_only_requires_owner_decision"
"rendered_only","","","","rendered_only","business","Gap register","#/business/gaps","not_applicable","","Gap register","missing","","","rendered_only_requires_owner_decision"
"rendered_only","","","","rendered_only","business","G01 walkthrough","#/business/g01","not_applicable","","G01 walkthrough","missing","","","rendered_only_requires_owner_decision"
"rendered_only","","","","rendered_only","business","G02 authorization","#/business/g02","not_applicable","","G02 authorization","missing","","","rendered_only_requires_owner_decision"
"rendered_only","","","","rendered_only","business","Phase gates","#/business/gates","not_applicable","","Phase gates","missing","","","rendered_only_requires_owner_decision"
"rendered_only","","","","rendered_only","business","Institutional growth","#/business/institutions","not_applicable","","Institutional growth","missing","","","rendered_only_requires_owner_decision"
"rendered_only","","","","rendered_only","business","Individual growth","#/business/individuals","not_applicable","","Individual growth","missing","","","rendered_only_requires_owner_decision"
"rendered_only","","","","rendered_only","business","Risk matrix","#/business/risks","not_applicable","","Risk matrix","missing","","","rendered_only_requires_owner_decision"
"rendered_only","","","","rendered_only","business","Hiring and fundraising","#/business/people","not_applicable","","Hiring and fundraising","missing","","","rendered_only_requires_owner_decision"
"rendered_only","","","","rendered_only","business","90-day plan","#/business/plan","not_applicable","","90-day plan","missing","","","rendered_only_requires_owner_decision"
"rendered_only","","","","rendered_only","business","Investor and board","#/business/board","not_applicable","","Investor and board","missing","","","rendered_only_requires_owner_decision"
"rendered_only","","","","rendered_only","business","Schema and idempotency","#/business/schema","not_applicable","","Schema and idempotency","missing","","","rendered_only_requires_owner_decision"
