id,opened,source,wcag_sc,surface,role,environment,what_happened,expected,impact,severity_proposed,workaround,owner,due,class,status,retest
A11Y-0001,2026-10-04,automated sweep keyboard-pass.mjs (axe target-size),2.5.8,Today and Home at 320px,student,Chromium headless 320x640; no AT,"axe target-size (serious): .workspace-text-button, 3rd child of .today-action-tools","Target at least 24x24 CSS px, or spaced per 2.5.8",Small touch target on a main screen,Moderate (proposed),none needed if spacing is adequate,@harrisonjrubin7-cmyk,triage by 2026-10-11,shared control .workspace-text-button,New: axe is deterministic but a person must confirm spacing,
A11Y-0002,2026-10-04,automated sweep targets-sweep.mjs,2.5.8,"hub, support, launchpad and links screens at phone 420 and desktop widths",student,Chromium headless; no AT,"11 of 2007 phone and 13 of 2668 desktop controls measured under 24x24: button.jx-entry-title (hub), a.jx-door-link (support, launchpad), a select and a Saved button (links). The sweep does not apply the 2.5.8 spacing exception",Each at least 24x24 or meeting the spacing exception,Small targets; contradicts the 0-of-N figure in the styles/reach.test.ts header,Moderate (proposed),none needed if the spacing exception holds,@harrisonjrubin7-cmyk,triage by 2026-10-11,"shared: jx-door-link, jx-entry-title; reach.test.ts header stale or screens new",New: needs spacing check,
A11Y-0003,2026-10-04,automated sweep targets-sweep.mjs,none yet,"Write, Sheet, Deck and Launchpad screens",student,Chromium headless; no AT,"15 controls (button.gal-starter, button.blueprint, a Look back button) hit-tested under an element with no role at the box centre after scrolling to the middle",Tapping a control reaches it,"If real, a tap on a starter card does nothing",Unrated until reproduced,none known,@harrisonjrubin7-cmyk,tester to re-check,unknown; possibly clipped items in a scrolling gallery,New: not reproduced for the first 3 Write starters (real clicks reached them); remaining items unchecked,
A11Y-0004,2026-10-04,automated sweep keyboard-pass.mjs plus manual re-measure,none at AA (2.4.12 is AAA),Assignments ('Work on it') at 320x640,student,Chromium headless 320x640; no AT,"Four of 11 textareas, when focused, sit at y 531-622 with their centre and lower half behind the bottom tab bar; two more have a corner under the Ask Semester button. They have real labels (re-measured). The top strip stays visible, so 2.4.11 (not entirely hidden) is probably met",Focused field scrolled clear of the tab bar (scroll-margin-bottom 84px did not do it here),A keyboard user types into a half-hidden field,Minor to Moderate (proposed),scroll manually,@harrisonjrubin7-cmyk,triage by 2026-10-11,shared scroll-margin tokens vs tab bar height,New: reproduced twice by script; confirm by hand,
A11Y-0005,2026-10-04,automated sweep keyboard-pass.mjs,none (probe finding),scripts/keyboard-pass.mjs,engineering,script,"The probe's name for a tab stop is aria-label, textContent, title or placeholder, so a textarea named by a wrapping label reads as empty; it also measures overlap the instant focus lands, so a control that settles a frame later (Timers 'Start' clears the Ask button within 600ms) reads as covered",Probe uses the computed accessible name and re-measures after focus settles,Two false candidates in this first run (Assignments 'empty name'; Timers 'Start'),Minor,use the numbers with this caveat,@harrisonjrubin7-cmyk,roadmap item 5,probe accuracy,Fixed in this change: keyboard-pass.mjs now reads the browser's computed accessible name and re-measures overlap after focus settles; its control fails the run (exit 3) if a planted fault goes unreported,
A11Y-0006,2026-10-04,automated sweep keyboard-pass.mjs,none,Today and Home at 320px,student,Chromium headless,Probe saw 'Focus on this' covered by the Ask Semester button at landing; a re-measure after 600ms did not reproduce it,-,-,Unrated,none,@harrisonjrubin7-cmyk,tester to re-check,-,"Resolved as transient: the corrected probe classifies Today 'Focus on this' (and Timers 'Start') as covered at landing and clear 250 ms later, not obscured",
A11Y-0007,2026-10-04,automated sweep keyboard-pass.mjs (axe incomplete),4.1.2,"Today, Home, Calendar, Courses, Registration and Degree at 1280px",student,Chromium headless,axe aria-valid-attr-value returned incomplete (needs a person),Every ARIA reference resolves,Unknown,Unrated,none,@harrisonjrubin7-cmyk,triage by 2026-10-11,,New: needs review,
A11Y-0008,2026-10-04,automated sweep contrast-sweep.mjs,1.4.3,"Home, desktop, tabs / feed / shelves layouts, industry-dark ground, hover state",student,Chromium headless; no AT,"`.journey-reason` text 'Available whenever you need it.' measures 3.96:1 (rgb(156,163,178) on rgb(66,66,68)) while hovered",4.5:1 for text,"Low-emphasis helper text on one dark ground, hover state only",Moderate (proposed),none needed; text is readable at rest,@harrisonjrubin7-cmyk,triage by 2026-10-11,shared text token vs the hover surface on industry-dark; the token audit did not cover the hover composite,"New: measured, not heuristic; confirm by eye",
A11Y-0009,2026-10-04,automated sweep keyboard-pass.mjs (new 1.4.12 text-spacing check) plus manual screenshot,1.4.12,"Assignments, Degree and Meals h1 at 320px; Settings span at 320px; Calendar, Courses spans and Registration 'Import course catalog' at 1280px",student,Chromium headless; no AT,"Seven elements newly clip or truncate under the WCAG text-spacing override (line-height 1.5, letter 0.12em, word 0.16em). The page h1 on Assignments renders as 'WORK O…' at 320px (confirmed in a screenshot: nowrap plus text-overflow ellipsis in a 150px box). Others are single-line spans that gain an ellipsis",No loss of content or function when the user applies the spacing override,Part of a page heading and some labels become unreadable for a user who needs wider spacing; the heading text is still in the breadcrumb,Moderate (proposed),none known,@harrisonjrubin7-cmyk,triage by 2026-10-11,shared h1.chrome-text: nowrap with ellipsis in a fixed-width flex cell,"New: reproduced by script on 7 elements, by eye on 1",
