schema,table,domain,tenant_id,tenant_fk,account_fk,neither,created,updated,lifecycle_end,source,classification,retention,version
public,academic_record_changes,academic,1,1,1,0,0,0,0,1,0,0,0
public,academic_record_entries,academic,1,1,1,0,0,0,0,1,0,0,0
public,academic_record_subjects,academic,1,1,1,0,0,0,0,0,0,0,0
public,advisor_share_events,academic,0,0,1,0,0,0,0,0,0,0,0
public,advisor_shares,academic,1,1,1,0,1,0,1,0,0,1,0
public,appointments,academic,0,0,1,0,0,1,1,0,0,0,0
public,articulation_rules,academic,1,1,1,0,1,0,0,0,0,0,0
public,catalog_sections,academic,1,1,0,0,0,0,0,1,0,0,0
public,course_demand_snapshots,academic,1,1,0,0,0,0,0,0,0,0,0
public,course_guidance,academic,1,1,1,0,0,0,0,0,0,0,1
public,course_review_authors,academic,0,0,1,0,0,0,0,0,0,0,0
public,course_reviews,academic,1,1,0,0,1,0,0,0,0,0,0
public,courses,academic,0,0,1,0,0,1,1,0,0,0,0
public,demand_consents,academic,1,1,1,0,0,0,1,0,0,0,0
public,enrollments,academic,0,0,1,0,1,0,0,0,0,0,0
public,grade_levels,academic,0,1,0,1,0,0,0,0,0,0,0
public,graduation_scenarios,academic,0,0,1,0,1,1,0,1,0,0,0
public,registration_audit_event,academic,1,1,1,0,0,0,0,0,0,0,0
public,registration_completions,academic,1,1,1,0,0,0,0,0,0,0,0
public,registration_enrollments,academic,1,1,1,0,1,1,0,0,0,0,1
public,registration_holds,academic,1,1,1,0,1,0,1,0,0,0,0
public,registration_overrides,academic,1,1,1,0,0,0,0,0,0,0,0
public,registration_requests,academic,1,1,1,0,1,0,0,0,0,0,0
public,registration_sections,academic,1,0,1,0,0,1,0,0,0,0,1
public,registration_terms,academic,1,1,1,0,0,1,0,0,0,0,0
public,registration_time_tickets,academic,0,0,1,0,0,1,0,1,0,0,0
public,registration_windows,academic,1,1,1,0,1,0,0,0,0,0,0
public,success_plans,academic,0,0,1,0,0,1,0,0,0,0,0
public,term_plan_courses,academic,1,1,1,0,1,1,0,1,0,0,0
public,transfer_evaluations,academic,1,1,1,0,1,1,0,0,0,0,0
public,weekly_checkins,academic,0,0,1,0,0,0,0,0,0,0,0
private,ai_usage_month,ai,1,1,0,0,0,1,0,0,0,0,0
private,ai_usage_reservation,ai,1,1,0,0,1,0,0,0,0,1,0
private,approved_source_content,ai,0,0,0,1,0,1,0,1,0,0,0
private,gateway_audit,ai,1,1,0,0,0,0,0,0,0,0,0
private,gateway_health_probe,ai,0,0,0,1,0,0,0,0,0,1,0
private,gateway_intelligence_action,ai,1,1,0,0,1,1,0,0,0,1,0
private,gateway_intelligence_audit,ai,1,1,0,0,0,0,0,0,0,0,0
private,gateway_rate_limit,ai,1,1,0,0,0,1,0,0,0,0,0
private,gateway_review,ai,1,1,0,0,1,1,0,0,0,1,0
public,ai_memories,ai,0,0,1,0,1,0,0,1,0,1,0
public,ai_policy,ai,1,1,1,0,0,1,0,0,0,1,0
public,approved_source,ai,1,1,1,0,1,1,0,1,0,0,0
public,course_ai_rules,ai,1,1,1,0,0,0,0,0,0,0,1
public,human_overrides,ai,1,1,1,0,1,0,0,1,0,0,0
public,alumni_mentor_offers,alumni,1,1,1,0,0,1,0,0,0,0,0
public,communities,campus,1,1,0,0,1,0,0,0,0,0,0
public,community_members,campus,0,0,1,0,0,0,0,0,0,0,0
public,community_posts,campus,1,1,1,0,1,0,0,0,0,0,0
public,community_programs,campus,1,1,0,0,0,0,0,0,0,0,0
public,community_session_participants,campus,0,0,1,0,0,0,0,0,0,0,0
public,community_sessions,campus,0,0,1,0,1,0,0,0,0,0,0
public,community_venues,campus,1,1,0,0,1,0,0,0,0,0,0
public,dining_hours,campus,0,0,0,1,0,0,0,0,0,0,0
public,dining_locations,campus,1,1,0,0,0,0,0,1,0,0,0
public,dining_menu_items,campus,0,0,0,1,0,0,0,1,0,0,0
public,group_members,campus,0,0,1,0,0,0,0,0,0,0,0
public,group_tasks,campus,0,0,1,0,1,1,0,0,0,0,0
public,groups,campus,0,0,1,0,1,0,0,0,0,0,0
public,institution_action_audiences,campus,0,0,1,0,1,0,0,0,0,0,0
public,institution_action_offices,campus,0,0,0,1,0,0,0,0,0,0,0
public,institution_action_progress,campus,0,0,1,0,0,0,0,0,0,0,0
public,institution_actions,campus,1,1,1,0,1,1,0,1,0,0,0
public,message_reactions,campus,0,0,1,0,1,0,0,0,0,0,0
public,messages,campus,0,0,1,0,1,0,0,0,0,0,0
public,mentor_requests,career,1,1,1,0,1,0,0,0,0,0,0
public,peer_mentor_assignments,career,1,1,1,0,0,0,1,0,0,1,0
public,peer_mentor_offers,career,1,1,1,0,0,1,0,0,0,0,0
public,skill_claim,career,1,1,1,0,1,1,0,0,0,0,0
public,skill_claim_evidence,career,1,0,0,0,1,0,0,0,0,0,0
public,skill_records,career,0,0,1,0,1,0,0,0,0,0,0
public,talent_profile_views,career,0,0,1,0,0,0,0,0,0,0,0
public,talent_profiles,career,0,0,1,0,0,1,0,0,0,1,0
private,direct_rate_limit,commercial,0,0,1,0,0,0,0,0,0,0,0
private,site_lead_hits,commercial,0,0,0,1,0,0,0,0,0,0,0
public,account_health_snapshots,commercial,0,0,1,0,0,0,0,1,0,0,0
public,beta_cohorts,commercial,0,0,0,1,0,0,0,0,0,0,0
public,beta_exit_requests,commercial,0,0,0,1,0,0,0,0,0,0,0
public,beta_feature_flags,commercial,0,0,0,1,0,0,0,0,0,0,0
public,beta_feedback,commercial,0,0,0,1,1,0,0,0,0,0,0
public,beta_invitations,commercial,0,0,1,0,0,0,1,0,0,0,0
public,beta_known_issues,commercial,0,0,1,0,1,1,0,0,0,0,0
public,beta_memberships,commercial,0,0,1,0,0,0,0,0,0,0,0
public,beta_programs,commercial,0,1,1,0,1,0,0,0,0,0,0
public,billing_account_tenants,commercial,1,1,0,0,0,0,0,0,0,0,0
public,billing_accounts,commercial,0,0,1,0,1,0,0,0,0,0,0
public,cancellation_requests,commercial,0,0,1,0,0,0,0,0,0,0,0
public,checkout_sessions,commercial,0,0,0,1,1,0,0,0,0,0,0
public,commercial_plans,commercial,0,0,0,1,1,0,0,0,0,0,0
public,commercial_prices,commercial,0,0,0,1,0,0,0,0,0,0,0
public,commercial_products,commercial,0,0,0,1,1,0,0,0,0,0,0
public,contracts,commercial,0,0,1,0,1,0,0,0,0,0,1
public,credits_refunds,commercial,0,0,0,1,1,0,0,0,0,0,0
public,cta_routes,commercial,0,0,0,1,0,0,0,0,0,0,0
public,customer,commercial,1,1,0,0,1,1,0,0,0,0,0
public,customer_commitment,commercial,0,0,0,1,0,1,0,0,0,0,0
public,customer_contract,commercial,0,0,0,1,0,0,0,0,0,0,0
public,dunning_actions,commercial,0,0,0,1,0,0,0,0,0,0,0
public,dunning_cases,commercial,0,0,0,1,0,0,0,0,0,0,0
public,entitlement_definitions,commercial,0,0,0,1,0,0,0,0,0,0,0
public,gtm_accounts,commercial,1,1,1,0,1,1,0,0,0,0,0
public,gtm_campaign_links,commercial,1,0,0,0,1,0,0,0,0,0,0
public,gtm_campaign_reviews,commercial,1,0,1,0,0,0,0,0,0,0,0
public,gtm_campaigns,commercial,1,1,1,0,1,1,0,0,0,0,0
public,gtm_communication_events,commercial,1,0,0,0,1,0,0,0,0,0,0
public,gtm_consent,commercial,1,0,0,0,0,0,0,1,0,0,1
public,gtm_conversion_events,commercial,1,0,0,0,1,0,0,0,0,0,0
public,gtm_decision_log,commercial,0,0,0,1,0,1,0,0,0,0,0
public,gtm_pilot_metrics,commercial,0,0,0,1,0,0,0,0,0,0,0
public,gtm_pilot_outcomes,commercial,0,0,0,1,0,0,0,0,0,0,0
public,gtm_pilots,commercial,0,0,0,1,1,1,0,1,0,0,0
public,gtm_prospects,commercial,1,1,0,0,1,1,0,0,0,0,0
public,gtm_report_access,commercial,1,1,1,0,0,0,0,0,0,0,0
public,gtm_sponsor_placements,commercial,1,1,1,0,1,1,0,0,0,0,0
public,gtm_sponsor_policy,commercial,1,1,0,0,0,1,0,0,0,0,0
public,gtm_stakeholders,commercial,0,0,0,1,1,0,0,0,0,0,0
public,gtm_suppression,commercial,1,0,0,0,1,0,0,0,0,0,0
public,implementation_milestones,commercial,0,0,0,1,0,0,0,0,0,0,0
public,implementation_projects,commercial,1,1,1,0,1,0,0,0,0,0,0
public,invoice_lines,commercial,0,0,0,1,0,0,0,0,0,0,0
public,invoices,commercial,0,0,0,1,1,0,0,0,0,0,0
public,outcome_aggregates,commercial,1,1,0,0,0,0,0,0,0,0,0
public,payment_events,commercial,0,0,0,1,1,0,0,0,0,0,0
public,plan_entitlements,commercial,0,0,0,1,0,0,0,0,0,0,0
public,qbrs,commercial,0,0,0,1,0,0,0,0,0,0,0
public,quote_lines,commercial,0,0,0,1,0,0,0,0,0,0,0
public,quotes,commercial,0,0,1,0,1,0,0,0,0,0,1
public,referral_codes,commercial,0,0,1,0,1,0,0,0,0,0,0
public,referrals,commercial,0,0,1,0,0,0,0,0,0,0,0
public,renewal_opportunities,commercial,0,0,1,0,0,0,0,0,0,0,0
public,site_leads,commercial,0,0,0,1,1,0,0,0,0,0,0
public,subscription_entitlements,commercial,0,0,0,1,0,0,0,1,0,0,0
public,subscriptions,commercial,0,0,0,1,1,1,0,0,0,0,0
public,tenant_plan,commercial,1,1,1,0,0,1,0,0,0,0,0
public,tenant_plan_history,commercial,1,1,1,0,0,0,0,0,0,0,0
public,usage,commercial,0,0,1,0,0,1,0,0,0,0,0
public,family_access_events,family,0,0,1,0,0,0,0,0,0,0,0
public,family_grants,family,0,0,1,0,1,1,1,0,0,1,0
public,family_invites,family,0,0,1,0,1,0,1,0,0,1,0
public,family_shared_items,family,0,0,1,0,0,0,0,0,0,0,0
public,guardian_link_history,family,0,1,1,0,0,0,0,0,0,0,0
public,guardian_link_restrictions,family,0,1,1,0,0,0,0,0,0,0,0
public,guardian_links,family,0,1,1,0,1,0,1,0,0,0,0
public,cost_plans,finance,0,0,1,0,0,1,0,1,0,0,0
public,dining_ledger,finance,1,1,1,0,1,0,0,1,0,0,0
public,dining_plans,finance,1,1,1,0,0,0,0,1,0,0,0
public,student_account_closes,finance,1,1,1,0,0,0,0,0,0,0,0
public,student_account_entries,finance,1,1,1,0,0,0,0,0,0,0,0
public,student_account_reconciliations,finance,1,1,1,0,0,0,0,0,0,0,0
public,student_account_requests,finance,1,1,1,0,0,0,0,0,0,0,0
public,student_account_settings,finance,1,1,1,0,0,1,0,0,0,0,0
public,student_payment_plan_installments,finance,0,0,0,1,0,0,0,0,0,0,0
public,student_payment_plans,finance,1,1,1,0,0,0,0,0,0,0,0
private,console_audit_event,governance,1,0,0,0,1,0,0,0,0,0,0
private,console_audit_key,governance,0,0,0,1,0,0,0,0,0,0,0
private,console_audit_manifest,governance,0,0,0,1,0,0,0,0,0,0,0
private,console_audit_verification,governance,0,0,0,1,0,0,0,0,0,0,0
private,domain_event_receipts,governance,0,0,0,1,0,0,0,0,0,0,0
private,domain_outbox_events,governance,1,1,0,0,1,0,0,0,1,1,0
private,ledger_chain,governance,1,1,0,0,0,0,0,0,0,0,0
private,ledger_chain_key,governance,0,0,0,1,0,0,0,0,0,0,0
private,ledger_chain_manifest,governance,1,1,0,0,0,0,0,0,0,0,0
private,ledger_chain_start,governance,0,0,0,1,0,0,0,0,0,0,0
private,ledger_chain_verification,governance,0,0,0,1,0,0,0,0,0,0,0
public,access_log,governance,0,0,1,0,0,0,0,0,0,0,0
public,activity,governance,0,0,1,0,0,0,0,0,0,0,0
public,approval_decision,governance,0,0,1,0,0,0,0,0,0,0,0
public,approval_request,governance,1,1,1,0,1,0,0,0,0,1,0
public,audit_event,governance,1,0,0,0,1,0,0,0,0,0,0
public,break_glass_grant,governance,1,1,1,0,0,0,0,0,0,1,0
public,claims_register,governance,0,0,1,0,0,0,0,0,0,0,0
public,compliance_controls,governance,0,0,0,1,0,0,0,0,0,0,0
public,compliance_frameworks,governance,0,0,0,1,0,0,0,0,0,0,1
public,consent_record,governance,1,1,1,0,0,0,1,0,0,1,0
public,console_action_record,governance,1,1,1,0,0,0,0,0,0,0,0
public,console_duty,governance,0,0,0,1,0,0,0,0,0,0,0
public,content_register,governance,0,0,1,0,0,0,0,1,0,0,0
public,control_evidence,governance,0,0,0,1,0,0,0,0,0,1,0
public,data_classification_rules,governance,1,1,0,0,1,1,0,0,1,1,0
public,data_requests,governance,0,0,1,0,1,0,0,0,0,0,0
public,data_subject_request,governance,1,0,1,0,1,0,0,0,0,0,0
public,feature_cohort_members,governance,1,1,1,0,0,0,0,0,0,0,0
public,feature_kill_switch,governance,1,1,1,0,1,1,0,0,0,0,0
public,governance_config_requests,governance,1,1,1,0,0,1,0,0,0,0,0
public,governance_decisions,governance,1,1,1,0,0,0,0,0,0,0,0
public,governance_policy_nodes,governance,1,1,1,0,1,1,0,0,0,1,0
public,governance_steward_assignments,governance,1,1,1,0,0,0,1,0,0,0,0
public,legal_holds,governance,1,1,0,0,1,0,1,0,0,0,0
public,module_mode_approval,governance,0,0,1,0,0,0,0,0,0,0,0
public,module_mode_request,governance,1,1,1,0,0,0,0,0,0,1,0
public,platform_release_evidence,governance,0,0,1,0,0,0,0,0,0,1,0
public,school_config_versions,governance,1,1,1,0,1,1,0,0,0,0,1
public,school_offboarding,governance,1,1,0,0,0,0,1,0,0,1,0
public,school_offboarding_undo,governance,0,0,0,1,0,0,0,0,0,0,0
public,tenant_feature_policy,governance,1,1,1,0,0,1,0,0,0,0,0
public,tenant_module_mode,governance,1,1,1,0,0,1,0,0,0,0,0
public,tenant_module_mode_history,governance,1,1,0,0,0,0,0,0,0,0,0
public,tenant_policy_audit_event,governance,1,1,1,0,1,0,0,0,0,0,0
public,tenant_rollout,governance,1,1,1,0,0,1,0,0,0,0,0
public,tenant_rollout_evidence,governance,1,1,1,0,0,0,0,0,0,0,0
public,tenant_rollout_history,governance,1,1,1,0,0,0,0,0,0,0,0
public,trust_artifact_versions,governance,0,0,1,0,1,0,0,1,0,0,1
public,trust_artifacts,governance,0,0,0,1,1,1,0,0,0,0,0
public,trust_room_access_log,governance,0,0,0,1,0,0,0,0,0,0,0
public,trust_room_grant_items,governance,0,0,0,1,0,0,0,0,0,0,0
public,trust_room_grants,governance,0,0,1,0,0,0,1,0,0,1,0
public,trust_room_requests,governance,0,0,0,1,0,1,0,0,0,0,0
public,workflow_versions,governance,1,1,1,0,1,1,0,0,0,0,1
private,account_ages,identity,0,0,1,0,0,0,0,1,0,0,0
public,access_gate,identity,0,0,0,1,0,0,0,0,0,0,0
public,app_admins,identity,0,0,1,0,1,0,0,0,0,0,0
public,app_capabilities,identity,0,0,0,1,0,0,0,0,0,0,0
public,app_roles,identity,0,0,0,1,0,0,0,0,0,0,0
public,contact_channels,identity,0,0,1,0,1,0,0,0,0,0,0
public,council_seat_holder,identity,0,0,1,0,0,0,1,0,0,0,0
public,institution_identity_provider,identity,1,1,0,0,1,1,0,0,0,0,0
public,institution_membership,identity,1,1,1,0,0,1,0,1,0,0,0
public,invites,identity,0,0,0,1,0,0,0,0,0,0,0
public,lti_identity,identity,0,0,1,0,1,0,0,1,0,0,0
public,onboarding_progress,identity,0,0,1,0,0,1,0,0,0,0,0
public,operator_preference,identity,0,0,1,0,0,1,0,0,0,0,0
public,organization_members,identity,0,0,1,0,0,1,0,0,0,0,0
public,organizations,identity,0,1,1,0,1,0,0,0,0,0,0
public,profiles,identity,0,1,1,0,1,1,0,0,0,0,0
public,provisioning_audit_event,identity,1,1,0,0,1,0,0,0,0,0,0
public,push_devices,identity,0,0,1,0,1,0,0,0,0,0,0
public,role_capabilities,identity,0,0,0,1,0,0,0,0,0,0,0
public,role_grant_audit_event,identity,1,0,0,0,1,0,1,1,0,1,0
public,role_grants,identity,0,0,1,0,0,0,1,1,0,1,0
public,school_membership_requests,identity,0,1,1,0,1,0,0,0,0,0,0
public,schools,identity,0,0,0,1,1,0,0,0,0,0,0
public,scim_external_identity,identity,1,1,0,0,1,1,0,0,0,0,1
public,scim_group_mapping,identity,1,1,1,0,0,1,0,0,0,0,0
public,student_context,identity,1,1,1,0,0,1,0,0,0,0,0
public,tenant_sso_policy,identity,1,1,1,0,0,1,0,0,0,0,0
public,tenant_sso_policy_history,identity,1,1,1,0,0,0,0,0,0,0,0
private,integration_simulation_runs,integration,1,1,1,0,1,0,0,0,0,0,0
private,roster_current,integration,1,1,0,0,0,0,0,1,0,0,0
private,roster_import_batch,integration,1,1,1,0,1,0,0,1,0,0,0
private,roster_import_config,integration,1,1,0,0,0,1,0,1,0,0,0
private,roster_snapshot,integration,1,0,0,0,0,0,0,1,0,0,0
private,roster_staged_row,integration,1,0,0,0,0,0,0,1,0,0,0
public,canonical_entity_references,integration,1,1,1,0,1,1,1,1,1,0,0
public,connections,integration,0,0,1,0,0,0,0,0,0,0,0
public,dining_partner_connections,integration,1,1,1,0,0,1,0,0,0,0,0
public,evidence_reference,integration,1,1,1,0,1,0,0,1,0,0,0
public,integration_connections,integration,1,1,1,0,1,1,0,1,1,0,0
public,integration_dead_letter_events,integration,1,0,1,0,1,0,0,0,0,0,0
public,integration_duplicate_candidates,integration,1,1,0,0,1,1,0,0,0,0,0
public,integration_duplicate_resolutions,integration,1,0,1,0,0,0,0,0,0,0,0
public,integration_mapping_versions,integration,1,0,1,0,0,1,0,0,0,0,0
public,integration_mappings,integration,1,0,0,0,1,1,0,0,0,0,0
public,integration_reconciliation_discrepancies,integration,1,0,1,0,1,1,0,0,0,0,0
public,integration_reconciliation_runs,integration,1,0,0,0,1,0,0,0,0,0,0
public,integration_retention_runs,integration,1,1,0,0,0,0,0,0,0,0,0
public,integration_schema_drift_events,integration,1,0,1,0,1,0,0,0,0,0,0
public,integration_schema_fingerprints,integration,1,0,0,0,0,0,0,0,0,0,0
public,integration_scopes,integration,1,0,1,0,1,1,0,0,1,1,0
public,integration_source_owners,integration,1,0,1,0,0,1,0,0,0,0,0
public,integration_sync_errors,integration,1,0,1,0,1,0,0,0,0,0,0
public,integration_sync_runs,integration,1,0,1,0,1,0,0,0,0,0,0
public,integration_webhook_events,integration,1,0,0,0,1,0,0,0,0,0,0
public,lti_line_item,integration,0,0,0,1,0,0,0,0,0,0,0
public,lti_link_ticket,integration,0,0,1,0,1,0,0,0,0,1,0
public,lti_nonce,integration,0,0,0,1,1,0,0,0,0,1,0
public,lti_platform,integration,1,1,0,0,1,0,0,0,0,0,0
public,migration_approvals,integration,1,0,1,0,0,0,0,0,0,0,0
public,migration_field_maps,integration,1,0,0,0,1,0,0,1,0,0,0
public,migration_projects,integration,1,1,1,0,1,1,0,1,1,1,0
public,migration_runs,integration,1,0,1,0,0,0,0,0,0,0,0
public,provider_evidence,integration,0,0,1,0,0,0,0,0,0,1,0
public,provider_registry,integration,0,0,0,1,0,1,0,0,0,0,0
public,scim_credential,integration,1,1,0,0,1,0,1,0,0,1,0
public,source_freshness_events,integration,1,0,0,0,1,0,0,1,0,0,0
public,source_records,integration,1,1,0,0,1,1,0,1,1,0,0
public,source_snapshots,integration,1,0,0,0,1,0,0,1,1,1,0
public,accommodation_access_events,learning,0,0,1,0,0,0,0,0,0,0,0
public,accommodation_passports,learning,1,1,1,0,0,0,1,0,0,1,0
public,accommodation_shares,learning,0,0,1,0,1,0,1,0,0,1,0
public,concept_evidence,learning,1,0,0,0,0,0,0,0,0,0,0
public,form_publications,learning,0,0,0,1,0,0,0,0,0,0,0
public,form_responses,learning,0,0,0,1,1,0,0,0,0,0,0
public,forms,learning,0,0,1,0,1,1,0,0,0,0,0
public,grade_entries,learning,1,1,1,0,1,0,0,0,0,0,1
public,grade_passbacks,learning,1,1,1,0,0,1,0,0,0,0,0
public,gradebook_items,learning,1,1,1,0,1,0,0,0,0,0,0
public,gradebook_operations,learning,1,1,1,0,0,0,0,0,0,0,0
public,gradebook_schemes,learning,1,1,1,0,0,0,0,0,0,0,1
public,mistake_evidence,learning,1,0,0,0,0,0,0,0,1,0,0
public,regrade_requests,learning,1,1,1,0,0,0,0,0,0,0,0
public,regrade_resolutions,learning,1,1,1,0,0,0,0,0,0,0,0
public,sittings,learning,0,0,1,0,0,1,1,0,0,0,0
public,study_packs,learning,1,1,1,0,0,0,0,0,0,0,1
public,dining_order_events,marketplace,0,0,1,0,0,0,0,0,0,0,0
public,dining_orders,marketplace,1,1,1,0,1,1,0,0,0,0,0
public,dining_pool_claims,marketplace,1,1,1,0,1,0,0,0,0,0,0
public,dining_pool_donations,marketplace,1,1,1,0,1,0,0,0,0,0,0
public,opportunities,marketplace,1,1,1,0,1,0,0,0,0,0,0
public,seat_watches,marketplace,1,1,1,0,1,0,0,0,0,0,0
public,study_match_optins,marketplace,1,1,1,0,1,0,0,0,0,1,0
public,blocks,productivity,0,0,1,0,1,0,0,0,0,0,0
public,calendar_feeds,productivity,0,0,1,0,0,1,0,0,0,0,0
public,capture_artifact,productivity,1,0,1,0,1,0,0,0,0,0,0
public,capture_asset,productivity,1,0,0,0,1,0,0,0,0,0,0
public,capture_segment,productivity,1,0,0,0,1,0,0,0,0,0,0
public,notes,productivity,0,0,1,0,0,1,1,0,0,0,0
public,productivity_workspace,productivity,1,1,1,0,0,1,0,0,0,0,0
public,push_queue,productivity,0,0,1,0,0,0,0,0,0,0,0
public,state,productivity,0,0,1,0,0,1,0,0,0,0,0
public,tasks,productivity,0,0,1,0,0,1,1,0,0,0,0
public,community_aliases,support,0,0,1,0,1,0,0,0,0,0,0
public,community_calibration_items,support,1,1,0,0,1,0,0,0,0,0,0
public,community_case_events,support,0,0,0,1,1,0,0,0,0,0,0
public,community_cases,support,1,1,0,0,1,1,0,0,0,0,0
public,community_decisions,support,0,0,1,0,0,0,0,0,0,0,0
public,community_detector_rules,support,0,0,0,1,0,1,0,0,0,0,1
public,community_escalation_agreement_events,support,1,1,0,0,1,0,0,0,0,0,0
public,community_escalation_deliveries,support,0,0,0,1,0,0,0,0,0,0,0
public,community_escalation_policies,support,1,1,0,0,0,1,0,0,0,0,0
public,community_escalations,support,1,1,0,0,0,0,0,0,0,0,0
public,community_identity_grants,support,0,0,0,1,0,0,0,0,0,1,0
public,community_media,support,1,1,1,0,1,0,0,0,0,0,0
public,community_media_blocklist,support,1,1,0,0,1,0,0,1,0,0,0
public,community_media_deletions,support,0,0,0,1,0,0,0,0,0,0,0
public,community_mutes,support,0,0,1,0,1,0,0,0,0,0,0
public,community_reports,support,0,0,1,0,1,0,0,0,0,0,0
public,community_restrictions,support,0,0,1,0,1,0,0,0,0,0,0
public,community_retention_runs,support,0,0,0,1,0,0,0,0,0,0,0
public,community_safety_entries,support,1,1,1,0,1,0,0,0,0,0,0
public,community_signals,support,0,0,0,1,1,0,0,0,0,0,1
public,community_volunteer_events,support,0,0,0,1,1,0,0,0,0,0,0
public,community_volunteer_tasks,support,0,0,1,0,0,0,0,0,0,0,0
public,community_volunteer_votes,support,0,0,1,0,0,0,0,0,0,0,0
public,community_volunteers,support,1,1,1,0,0,0,1,0,0,0,0
public,feedback,support,0,0,1,0,1,0,0,0,0,0,1
public,governance_incident_notices,support,1,1,1,0,0,0,0,0,0,0,0
public,help_destinations,support,1,1,0,0,1,0,0,0,0,0,0
public,help_request_events,support,0,0,1,0,0,0,0,0,0,0,0
public,help_requests,support,0,0,1,0,1,1,0,0,0,0,0
public,moderation_audit_event,support,0,0,0,1,1,0,0,0,0,0,0
public,reports,support,0,0,1,0,1,0,0,0,0,0,0
public,support_access_event,support,1,0,0,0,1,0,0,0,0,1,0
public,support_access_grant,support,1,1,1,0,1,1,1,0,0,1,0
public,support_notification_outbox,support,0,0,0,1,0,0,0,0,0,0,0
public,support_share_events,support,0,0,1,0,0,0,0,0,0,0,0
public,support_shares,support,1,1,1,0,1,0,1,0,0,1,0
public,support_ticket_messages,support,0,0,0,1,1,0,0,0,0,0,0
public,support_tickets,support,0,0,1,0,1,1,0,0,0,0,0
